CBF1000,MECANICA,7.0,,Seccion 1,CATEDRA 01,MA JU 08:30 - 09:50,VILLAGRAN SIDNEY HERNAN,S-SANTIAGO,Vacantes de Carrera,CBF1000_VC01,19.0
CBF1000,MECANICA,7.0,,Seccion 1,AYUDANTIA OBLIGATORIA 01,MI 08:30 - 09:50,,S-SANTIAGO,Vacantes de Carrera,CBF1000_VC01,
CBF1000,MECANICA,7.0,,Seccion 1,LABORATORIO 01,LU 08:30 - 09:50,VILLAGRAN SIDNEY HERNAN,S-SANTIAGO,Vacantes de Carrera,CBF1000_VC01,
CBF1000,MECANICA,7.0,,Seccion 10,CATEDRA 05,LU JU 14:30 - 15:50,BARTOLO LEONARDO MAURICIO,S-SANTIAGO,Vacantes de Carrera,CBF1000_VC10,19.0
CBF1000,MECANICA,7.0,,Seccion 10,AYUDANTIA OBLIGATORIA 05,MI 14:30 - 15:50,,S-SANTIAGO,Vacantes de Carrera,CBF1000_VC10,
CBF1000,MECANICA,7.0,,Seccion 10,LABORATORIO 10,MA 14:30 - 15:50,BARTOLO LEONARDO MAURICIO,S-SANTIAGO,Vacantes de Carrera,CBF1000_VC10,
CBF1000,MECANICA,7.0,,Seccion 11,CATEDRA 06,LU JU 14:30 - 16:50,BRIZUELA JESSICA,S-SANTIAGO,Vacantes de Carrera,CBF1000_VC11,19.0
CBF1000,MECANICA,7.0,,Seccion 11,LABORATORIO 11,MI 14:30 - 15:50,BRIZUELA JESSICA,S-SANTIAGO,Vacantes de Carrera,CBF1000_VC11,
CBF1000,MECANICA,7.0,,Seccion 11,AYUDANTIA OBLIGATORIA 06,VI 14:30 - 15:50,,S-SANTIAGO,Vacantes de Carrera,CBF1000_VC11,
CBF1000,MECANICA,7.0,,Seccion 12,LABORATORIO 12,MI 14:30 - 15:50,BRIZUELA JESSICA,S-SANTIAGO,Vacantes de Carrera,CBF1000_VC12,19.0
CBF1000,MECANICA,7.0,,Seccion 12,CATEDRA 06,LU JU 14:30 - 16:50,BRIZUELA JESSICA,S-SANTIAGO,Vacantes de Carrera,CBF1000_VC12,
CBF1000,MECANICA,7.0,,Seccion 12,AYUDANTIA OBLIGATORIA 06,VI 14:30 - 15:50,,S-SANTIAGO,Vacantes de Carrera,CBF1000_VC12,
CBF1000,MECANICA,7.0,,Seccion 13,CATEDRA 07,LU JU 10:00 - 11:20,OLIVARES MARCO ANDRES,S-SANTIAGO,Vacantes de Carrera,CBF1000_VC13,19.0
CBF1000,MECANICA,7.0,,Seccion 13,AYUDANTIA OBLIGATORIA 07,MI 10:00 - 11:20,,S-SANTIAGO,Vacantes de Carrera,CBF1000_VC13,
CBF1000,MECANICA,7.0,,Seccion 13,LABORATORIO 13,MA 10:00 - 11:20,OLIVARES MARCO ANDRES,S-SANTIAGO,Vacantes de Carrera,CBF1000_VC13,
CBF1000,MECANICA,7.0,,Seccion 14,CATEDRA 07,LU JU 10:00 - 11:20,OLIVARES MARCO ANDRES,S-SANTIAGO,Vacantes de Carrera,CBF1000_VC14,19.0
CBF1000,MECANICA,7.0,,Seccion 14,AYUDANTIA OBLIGATORIA 07,MI 10:00 - 11:20,,S-SANTIAGO,Vacantes de Carrera,CBF1000_VC14,
CBF1000,MECANICA,7.0,,Seccion 14,LABORATORIO 14,MA 10:00 - 11:20,OLIVARES MARCO ANDRES,S-SANTIAGO,Vacantes de Carrera,CBF1000_VC14,
CBF1000,MECANICA,7.0,,Seccion 15,B-LEARNING HORARIO BLOQUEADO 08,LU JU 10:00 - 11:20,EREMEEV VITALIE,S-SANTIAGO,Vacantes de Carrera,CBF1000_VC15,19.0
CBF1000,MECANICA,7.0,,Seccion 15,AYUD B-LEARNING HORARIO BLOQUEADO 08,MI 10:00 - 11:20,,S-SANTIAGO,Vacantes de Carrera,CBF1000_VC15,
CBF1000,MECANICA,7.0,,Seccion 15,LAB B-LEARNING HORARIO BLOQUEADO 15,VI 10:00 - 11:20,BRIZUELA JESSICA,S-SANTIAGO,Vacantes de Carrera,CBF1000_VC15,
CBF1000,MECANICA,7.0,,Seccion 16,B-LEARNING HORARIO BLOQUEADO 08,LU JU 10:00 - 11:20,EREMEEV VITALIE,S-SANTIAGO,Vacantes de Carrera,CBF1000_VC16,19.0
CBF1000,MECANICA,7.0,,Seccion 16,LAB B-LEARNING HORARIO BLOQUEADO 16,VI 10:00 - 11:20,BRIZUELA JESSICA,S-SANTIAGO,Vacantes de Carrera,CBF1000_VC16,
CBF1000,MECANICA,7.0,,Seccion 16,AYUD B-LEARNING HORARIO BLOQUEADO 08,MI 10:00 - 11:20,,S-SANTIAGO,Vacantes de Carrera,CBF1000_VC16,
CBF1000,MECANICA,7.0,,Seccion 17,CATEDRA 09,LU JU 13:00 - 14:20,EREMEEV VITALIE,S-SANTIAGO,Vacantes de Carrera,CBF1000_VC17,19.0
CBF1000,MECANICA,7.0,,Seccion 17,AYUDANTIA OBLIGATORIA 09,MI 13:00 - 14:20,,S-SANTIAGO,Vacantes de Carrera,CBF1000_VC17,
CBF1000,MECANICA,7.0,,Seccion 17,LABORATORIO 17,MA 13:00 - 14:20,BRIZUELA JESSICA,S-SANTIAGO,Vacantes de Carrera,CBF1000_VC17,
CBF1000,MECANICA,7.0,,Seccion 18,LABORATORIO 18,MA 13:00 - 14:20,BRIZUELA JESSICA,S-SANTIAGO,Vacantes de Carrera,CBF1000_VC18,19.0
CBF1000,MECANICA,7.0,,Seccion 18,AYUDANTIA OBLIGATORIA 09,MI 13:00 - 14:20,,S-SANTIAGO,Vacantes de Carrera,CBF1000_VC18,
CBF1000,MECANICA,7.0,,Seccion 18,CATEDRA 09,LU JU 13:00 - 14:20,EREMEEV VITALIE,S-SANTIAGO,Vacantes de Carrera,CBF1000_VC18,
CBF1000,MECANICA,7.0,,Seccion 19,CATEDRA 10,MA JU 11:30 - 12:50,LEON ALEJANDRO,S-SANTIAGO,Vacantes de Carrera,CBF1000_VC19,19.0
CBF1000,MECANICA,7.0,,Seccion 19,LABORATORIO 19,VI 11:30 - 12:50,VILLAGRAN SIDNEY HERNAN,S-SANTIAGO,Vacantes de Carrera,CBF1000_VC19,
CBF1000,MECANICA,7.0,,Seccion 19,AYUDANTIA OBLIGATORIA 10,LU 11:30 - 12:50,,S-SANTIAGO,Vacantes de Carrera,CBF1000_VC19,
CBF1000,MECANICA,7.0,,Seccion 2,CATEDRA 01,MA JU 08:30 - 09:50,VILLAGRAN SIDNEY HERNAN,S-SANTIAGO,Vacantes de Carrera,CBF1000_VC02,19.0
CBF1000,MECANICA,7.0,,Seccion 2,LABORATORIO 02,LU 08:30 - 09:50,VILLAGRAN SIDNEY HERNAN,S-SANTIAGO,Vacantes de Carrera,CBF1000_VC02,
CBF1000,MECANICA,7.0,,Seccion 2,AYUDANTIA OBLIGATORIA 01,MI 08:30 - 09:50,,S-SANTIAGO,Vacantes de Carrera,CBF1000_VC02,
CBF1000,MECANICA,7.0,,Seccion 20,CATEDRA 10,MA JU 11:30 - 12:50,LEON ALEJANDRO,S-SANTIAGO,Vacantes de Carrera,CBF1000_VC20,19.0
CBF1000,MECANICA,7.0,,Seccion 20,AYUDANTIA OBLIGATORIA 10,LU 11:30 - 12:50,,S-SANTIAGO,Vacantes de Carrera,CBF1000_VC20,
CBF1000,MECANICA,7.0,,Seccion 20,LABORATORIO 20,VI 11:30 - 12:50,VILLAGRAN SIDNEY HERNAN,S-SANTIAGO,Vacantes de Carrera,CBF1000_VC20,
CBF1000,MECANICA,7.0,,Seccion 21,CATEDRA 11,LU JU 11:30 - 12:50,VILLAGRAN SIDNEY HERNAN,S-SANTIAGO,Vacantes de Carrera,CBF1000_VC21,19.0
CBF1000,MECANICA,7.0,,Seccion 21,AYUDANTIA OBLIGATORIA 11,VI 11:30 - 12:50,,S-SANTIAGO,Vacantes de Carrera,CBF1000_VC21,
CBF1000,MECANICA,7.0,,Seccion 21,LABORATORIO 21,MA 11:30 - 12:50,VILLAGRAN SIDNEY HERNAN,S-SANTIAGO,Vacantes de Carrera,CBF1000_VC21,
CBF1000,MECANICA,7.0,,Seccion 22,CATEDRA 11,LU JU 11:30 - 12:50,VILLAGRAN SIDNEY HERNAN,S-SANTIAGO,Vacantes de Carrera,CBF1000_VC22,19.0
CBF1000,MECANICA,7.0,,Seccion 22,AYUDANTIA OBLIGATORIA 11,VI 11:30 - 12:50,,S-SANTIAGO,Vacantes de Carrera,CBF1000_VC22,
CBF1000,MECANICA,7.0,,Seccion 22,LABORATORIO 22,MA 11:30 - 12:50,VILLAGRAN SIDNEY HERNAN,S-SANTIAGO,Vacantes de Carrera,CBF1000_VC22,
CBF1000,MECANICA,7.0,,Seccion 23,CATEDRA 12,LU JU 17:25 - 18:45,OLIVARES MARCO ANDRES,S-SANTIAGO,Vacantes de Carrera,CBF1000_VC23,19.0
CBF1000,MECANICA,7.0,,Seccion 23,AYUDANTIA OBLIGATORIA 12,MI 17:25 - 18:45,,S-SANTIAGO,Vacantes de Carrera,CBF1000_VC23,
CBF1000,MECANICA,7.0,,Seccion 23,LABORATORIO 23,MA 17:25 - 18:45,OLIVARES MARCO ANDRES,S-SANTIAGO,Vacantes de Carrera,CBF1000_VC23,
CBF1000,MECANICA,7.0,,Seccion 24,CATEDRA 12,LU JU 17:25 - 18:45,OLIVARES MARCO ANDRES,S-SANTIAGO,Vacantes de Carrera,CBF1000_VC24,19.0
CBF1000,MECANICA,7.0,,Seccion 24,AYUDANTIA OBLIGATORIA 12,MI 17:25 - 18:45,,S-SANTIAGO,Vacantes de Carrera,CBF1000_VC24,
CBF1000,MECANICA,7.0,,Seccion 24,LABORATORIO 24,MA 17:25 - 18:45,OLIVARES MARCO ANDRES,S-SANTIAGO,Vacantes de Carrera,CBF1000_VC24,
CBF1000,MECANICA,7.0,,Seccion 3,CATEDRA 02,LU JU 08:30 - 09:50,OLIVARES MARCO ANDRES,S-SANTIAGO,Vacantes de Carrera,CBF1000_VC03,19.0
CBF1000,MECANICA,7.0,,Seccion 3,LABORATORIO 03,MA 08:30 - 09:50,OLIVARES MARCO ANDRES,S-SANTIAGO,Vacantes de Carrera,CBF1000_VC03,
CBF1000,MECANICA,7.0,,Seccion 3,AYUDANTIA OBLIGATORIA 02,VI 08:30 - 09:50,,S-SANTIAGO,Vacantes de Carrera,CBF1000_VC03,
CBF1000,MECANICA,7.0,,Seccion 4,CATEDRA 02,LU JU 08:30 - 09:50,OLIVARES MARCO ANDRES,S-SANTIAGO,Vacantes de Carrera,CBF1000_VC04,19.0
CBF1000,MECANICA,7.0,,Seccion 4,LABORATORIO 04,MA 08:30 - 09:50,OLIVARES MARCO ANDRES,S-SANTIAGO,Vacantes de Carrera,CBF1000_VC04,
CBF1000,MECANICA,7.0,,Seccion 4,AYUDANTIA OBLIGATORIA 02,VI 08:30 - 09:50,,S-SANTIAGO,Vacantes de Carrera,CBF1000_VC04,
CBF1000,MECANICA,7.0,,Seccion 5,CATEDRA 03,LU JU 13:00 - 14:20,RIVERA JOSE RICARDO,S-SANTIAGO,Vacantes de Carrera,CBF1000_VC05,19.0
CBF1000,MECANICA,7.0,,Seccion 5,AYUDANTIA OBLIGATORIA 03,MI 13:00 - 14:20,,S-SANTIAGO,Vacantes de Carrera,CBF1000_VC05,
CBF1000,MECANICA,7.0,,Seccion 5,LABORATORIO 05,VI 13:00 - 14:20,RIVERA JOSE RICARDO,S-SANTIAGO,Vacantes de Carrera,CBF1000_VC05,
CBF1000,MECANICA,7.0,,Seccion 6,CATEDRA 03,LU JU 13:00 - 14:20,RIVERA JOSE RICARDO,S-SANTIAGO,Vacantes de Carrera,CBF1000_VC06,19.0
CBF1000,MECANICA,7.0,,Seccion 6,AYUDANTIA OBLIGATORIA 03,MI 13:00 - 14:20,,S-SANTIAGO,Vacantes de Carrera,CBF1000_VC06,
CBF1000,MECANICA,7.0,,Seccion 6,LABORATORIO 06,VI 13:00 - 14:20,RIVERA JOSE RICARDO,S-SANTIAGO,Vacantes de Carrera,CBF1000_VC06,
CBF1000,MECANICA,7.0,,Seccion 7,CATEDRA 04,LU JU 16:00 - 17:20,PAREDES DANIELA VICTORIA,S-SANTIAGO,Vacantes de Carrera,CBF1000_VC07,19.0
CBF1000,MECANICA,7.0,,Seccion 7,AYUDANTIA OBLIGATORIA 04,MI 16:00 - 17:20,,S-SANTIAGO,Vacantes de Carrera,CBF1000_VC07,
CBF1000,MECANICA,7.0,,Seccion 7,LABORATORIO 07,MA 16:00 - 17:20,PAREDES DANIELA VICTORIA,S-SANTIAGO,Vacantes de Carrera,CBF1000_VC07,
CBF1000,MECANICA,7.0,,Seccion 8,CATEDRA 04,LU JU 16:00 - 17:20,PAREDES DANIELA VICTORIA,S-SANTIAGO,Vacantes de Carrera,CBF1000_VC08,19.0
CBF1000,MECANICA,7.0,,Seccion 8,AYUDANTIA OBLIGATORIA 04,MI 16:00 - 17:20,,S-SANTIAGO,Vacantes de Carrera,CBF1000_VC08,
CBF1000,MECANICA,7.0,,Seccion 8,LABORATORIO 08,MA 16:00 - 17:20,PAREDES DANIELA VICTORIA,S-SANTIAGO,Vacantes de Carrera,CBF1000_VC08,
CBF1000,MECANICA,7.0,,Seccion 9,CATEDRA 05,LU JU 14:30 - 15:50,BARTOLO LEONARDO MAURICIO,S-SANTIAGO,Vacantes de Carrera,CBF1000_VC09,19.0
CBF1000,MECANICA,7.0,,Seccion 9,AYUDANTIA OBLIGATORIA 05,MI 14:30 - 15:50,,S-SANTIAGO,Vacantes de Carrera,CBF1000_VC09,
CBF1000,MECANICA,7.0,,Seccion 9,LABORATORIO 09,MA 14:30 - 15:50,BARTOLO LEONARDO MAURICIO,S-SANTIAGO,Vacantes de Carrera,CBF1000_VC09,
CBF1001,CALOR Y ONDAS,7.0,,Seccion 1,CATEDRA 01,LU JU 11:30 - 12:50,OLIVARES MARCO ANDRES,S-SANTIAGO,Vacantes de Carrera,CBF1001_VC01,19.0
CBF1001,CALOR Y ONDAS,7.0,,Seccion 1,AYUDANTIA OBLIGATORIA 01,VI 11:30 - 12:50,,S-SANTIAGO,Vacantes de Carrera,CBF1001_VC01,
CBF1001,CALOR Y ONDAS,7.0,,Seccion 1,LABORATORIO 01,MA 11:30 - 12:50,OLIVARES MARCO ANDRES,S-SANTIAGO,Vacantes de Carrera,CBF1001_VC01,
CBF1001,CALOR Y ONDAS,7.0,,Seccion 10,LABORATORIO 10,JU 10:00 - 11:20,VILLAGRAN SIDNEY HERNAN,S-SANTIAGO,Vacantes de Carrera,CBF1001_VC10,19.0
CBF1001,CALOR Y ONDAS,7.0,,Seccion 10,CATEDRA 05,MA VI 10:00 - 11:20,VILLAGRAN SIDNEY HERNAN,S-SANTIAGO,Vacantes de Carrera,CBF1001_VC10,
CBF1001,CALOR Y ONDAS,7.0,,Seccion 10,AYUDANTIA OBLIGATORIA 05,LU 10:00 - 11:20,,S-SANTIAGO,Vacantes de Carrera,CBF1001_VC10,
CBF1001,CALOR Y ONDAS,7.0,,Seccion 11,CATEDRA 06,LU JU 13:00 - 14:20,OLIVARES MARCO ANDRES,S-SANTIAGO,Vacantes de Carrera,CBF1001_VC11,19.0
CBF1001,CALOR Y ONDAS,7.0,,Seccion 11,LABORATORIO 11,MA 13:00 - 14:20,OLIVARES MARCO ANDRES,S-SANTIAGO,Vacantes de Carrera,CBF1001_VC11,
CBF1001,CALOR Y ONDAS,7.0,,Seccion 11,AYUDANTIA OBLIGATORIA 06,MI 13:00 - 14:20,,S-SANTIAGO,Vacantes de Carrera,CBF1001_VC11,
CBF1001,CALOR Y ONDAS,7.0,,Seccion 12,CATEDRA 06,LU JU 13:00 - 14:20,OLIVARES MARCO ANDRES,S-SANTIAGO,Vacantes de Carrera,CBF1001_VC12,19.0
CBF1001,CALOR Y ONDAS,7.0,,Seccion 12,AYUDANTIA OBLIGATORIA 06,MI 13:00 - 14:20,,S-SANTIAGO,Vacantes de Carrera,CBF1001_VC12,
CBF1001,CALOR Y ONDAS,7.0,,Seccion 12,LABORATORIO 12,MA 13:00 - 14:20,OLIVARES MARCO ANDRES,S-SANTIAGO,Vacantes de Carrera,CBF1001_VC12,
CBF1001,CALOR Y ONDAS,7.0,,Seccion 2,CATEDRA 01,LU JU 11:30 - 12:50,OLIVARES MARCO ANDRES,S-SANTIAGO,Vacantes de Carrera,CBF1001_VC02,19.0
CBF1001,CALOR Y ONDAS,7.0,,Seccion 2,AYUDANTIA OBLIGATORIA 01,VI 11:30 - 12:50,,S-SANTIAGO,Vacantes de Carrera,CBF1001_VC02,
CBF1001,CALOR Y ONDAS,7.0,,Seccion 2,LABORATORIO 02,MA 11:30 - 12:50,OLIVARES MARCO ANDRES,S-SANTIAGO,Vacantes de Carrera,CBF1001_VC02,
CBF1001,CALOR Y ONDAS,7.0,,Seccion 3,LABORATORIO 03,JU 14:30 - 15:50,PAREDES DANIELA VICTORIA,S-SANTIAGO,Vacantes de Carrera,CBF1001_VC03,19.0
CBF1001,CALOR Y ONDAS,7.0,,Seccion 3,AYUDANTIA OBLIGATORIA 02,MI 14:30 - 15:50,,S-SANTIAGO,Vacantes de Carrera,CBF1001_VC03,
CBF1001,CALOR Y ONDAS,7.0,,Seccion 3,CATEDRA 02,MA VI 14:30 - 15:50,PAREDES DANIELA VICTORIA,S-SANTIAGO,Vacantes de Carrera,CBF1001_VC03,
CBF1001,CALOR Y ONDAS,7.0,,Seccion 4,CATEDRA 02,MA VI 14:30 - 15:50,PAREDES DANIELA VICTORIA,S-SANTIAGO,Vacantes de Carrera,CBF1001_VC04,19.0
CBF1001,CALOR Y ONDAS,7.0,,Seccion 4,AYUDANTIA OBLIGATORIA 02,MI 14:30 - 15:50,,S-SANTIAGO,Vacantes de Carrera,CBF1001_VC04,
CBF1001,CALOR Y ONDAS,7.0,,Seccion 4,LABORATORIO 04,JU 14:30 - 15:50,PAREDES DANIELA VICTORIA,S-SANTIAGO,Vacantes de Carrera,CBF1001_VC04,
CBF1001,CALOR Y ONDAS,7.0,,Seccion 5,CATEDRA 03,LU JU 08:30 - 09:50,,S-SANTIAGO,Vacantes de Carrera,CBF1001_VC05,19.0
CBF1001,CALOR Y ONDAS,7.0,,Seccion 5,AYUDANTIA OBLIGATORIA 03,VI 08:30 - 09:50,,S-SANTIAGO,Vacantes de Carrera,CBF1001_VC05,
CBF1001,CALOR Y ONDAS,7.0,,Seccion 5,LABORATORIO 05,MA 08:30 - 09:50,,S-SANTIAGO,Vacantes de Carrera,CBF1001_VC05,
CBF1001,CALOR Y ONDAS,7.0,,Seccion 6,LABORATORIO 06,MA 08:30 - 09:50,,S-SANTIAGO,Vacantes de Carrera,CBF1001_VC06,19.0
CBF1001,CALOR Y ONDAS,7.0,,Seccion 6,AYUDANTIA OBLIGATORIA 03,VI 08:30 - 09:50,,S-SANTIAGO,Vacantes de Carrera,CBF1001_VC06,
CBF1001,CALOR Y ONDAS,7.0,,Seccion 6,CATEDRA 03,LU JU 08:30 - 09:50,,S-SANTIAGO,Vacantes de Carrera,CBF1001_VC06,
CBF1001,CALOR Y ONDAS,7.0,,Seccion 7,CATEDRA 04,LU JU 16:00 - 17:20,OLIVARES MARCO ANDRES,S-SANTIAGO,Vacantes de Carrera,CBF1001_VC07,19.0
CBF1001,CALOR Y ONDAS,7.0,,Seccion 7,AYUDANTIA OBLIGATORIA 04,VI 16:00 - 17:20,,S-SANTIAGO,Vacantes de Carrera,CBF1001_VC07,
CBF1001,CALOR Y ONDAS,7.0,,Seccion 7,LABORATORIO 07,MA 16:00 - 17:20,OLIVARES MARCO ANDRES,S-SANTIAGO,Vacantes de Carrera,CBF1001_VC07,
CBF1001,CALOR Y ONDAS,7.0,,Seccion 8,CATEDRA 04,LU JU 16:00 - 17:20,OLIVARES MARCO ANDRES,S-SANTIAGO,Vacantes de Carrera,CBF1001_VC08,19.0
CBF1001,CALOR Y ONDAS,7.0,,Seccion 8,LABORATORIO 08,MA 16:00 - 17:20,OLIVARES MARCO ANDRES,S-SANTIAGO,Vacantes de Carrera,CBF1001_VC08,
CBF1001,CALOR Y ONDAS,7.0,,Seccion 8,AYUDANTIA OBLIGATORIA 04,VI 16:00 - 17:20,,S-SANTIAGO,Vacantes de Carrera,CBF1001_VC08,
CBF1001,CALOR Y ONDAS,7.0,,Seccion 9,CATEDRA 05,MA VI 10:00 - 11:20,VILLAGRAN SIDNEY HERNAN,S-SANTIAGO,Vacantes de Carrera,CBF1001_VC09,19.0
CBF1001,CALOR Y ONDAS,7.0,,Seccion 9,AYUDANTIA OBLIGATORIA 05,LU 10:00 - 11:20,,S-SANTIAGO,Vacantes de Carrera,CBF1001_VC09,
CBF1001,CALOR Y ONDAS,7.0,,Seccion 9,LABORATORIO 09,JU 10:00 - 11:20,VILLAGRAN SIDNEY HERNAN,S-SANTIAGO,Vacantes de Carrera,CBF1001_VC09,
CBF1002,ELECTRICIDAD Y MAGNETISMO,7.0,,Seccion 1,CATEDRA 01,LU JU 14:30 - 15:50,OLIVARES MARCO ANDRES,S-SANTIAGO,Vacantes de Carrera,CBF1002_VC01,19.0
CBF1002,ELECTRICIDAD Y MAGNETISMO,7.0,,Seccion 1,AYUDANTIA OBLIGATORIA 01,MI 14:30 - 15:50,,S-SANTIAGO,Vacantes de Carrera,CBF1002_VC01,
CBF1002,ELECTRICIDAD Y MAGNETISMO,7.0,,Seccion 1,LABORATORIO 01,MA 14:30 - 15:50,OLIVARES MARCO ANDRES,S-SANTIAGO,Vacantes de Carrera,CBF1002_VC01,
CBF1002,ELECTRICIDAD Y MAGNETISMO,7.0,,Seccion 10,LABORATORIO 10,MA 08:30 - 09:50,RIVERA JOSE RICARDO,S-SANTIAGO,Vacantes de Carrera,CBF1002_VC10,19.0
CBF1002,ELECTRICIDAD Y MAGNETISMO,7.0,,Seccion 10,AYUDANTIA OBLIGATORIA 05,VI 08:30 - 09:50,,S-SANTIAGO,Vacantes de Carrera,CBF1002_VC10,
CBF1002,ELECTRICIDAD Y MAGNETISMO,7.0,,Seccion 10,CATEDRA 05,LU JU 08:30 - 09:50,RIVERA JOSE RICARDO,S-SANTIAGO,Vacantes de Carrera,CBF1002_VC10,
CBF1002,ELECTRICIDAD Y MAGNETISMO,7.0,,Seccion 11,CATEDRA 06,MA VI 13:00 - 14:20,VILLAGRAN SIDNEY HERNAN,S-SANTIAGO,Vacantes de Carrera,CBF1002_VC11,19.0
CBF1002,ELECTRICIDAD Y MAGNETISMO,7.0,,Seccion 11,LABORATORIO 11,LU 13:00 - 14:20,VILLAGRAN SIDNEY HERNAN,S-SANTIAGO,Vacantes de Carrera,CBF1002_VC11,
CBF1002,ELECTRICIDAD Y MAGNETISMO,7.0,,Seccion 11,AYUDANTIA OBLIGATORIA 06,MI 13:00 - 14:20,,S-SANTIAGO,Vacantes de Carrera,CBF1002_VC11,
CBF1002,ELECTRICIDAD Y MAGNETISMO,7.0,,Seccion 12,CATEDRA 06,MA VI 13:00 - 14:20,VILLAGRAN SIDNEY HERNAN,S-SANTIAGO,Vacantes de Carrera,CBF1002_VC12,19.0
CBF1002,ELECTRICIDAD Y MAGNETISMO,7.0,,Seccion 12,LABORATORIO 12,LU 13:00 - 14:20,VILLAGRAN SIDNEY HERNAN,S-SANTIAGO,Vacantes de Carrera,CBF1002_VC12,
CBF1002,ELECTRICIDAD Y MAGNETISMO,7.0,,Seccion 12,AYUDANTIA OBLIGATORIA 06,MI 13:00 - 14:20,,S-SANTIAGO,Vacantes de Carrera,CBF1002_VC12,
CBF1002,ELECTRICIDAD Y MAGNETISMO,7.0,,Seccion 2,CATEDRA 01,LU JU 14:30 - 15:50,OLIVARES MARCO ANDRES,S-SANTIAGO,Vacantes de Carrera,CBF1002_VC02,19.0
CBF1002,ELECTRICIDAD Y MAGNETISMO,7.0,,Seccion 2,LABORATORIO 02,MA 14:30 - 15:50,OLIVARES MARCO ANDRES,S-SANTIAGO,Vacantes de Carrera,CBF1002_VC02,
CBF1002,ELECTRICIDAD Y MAGNETISMO,7.0,,Seccion 2,AYUDANTIA OBLIGATORIA 01,MI 14:30 - 15:50,,S-SANTIAGO,Vacantes de Carrera,CBF1002_VC02,
CBF1002,ELECTRICIDAD Y MAGNETISMO,7.0,,Seccion 3,CATEDRA 02,LU JU 16:00 - 17:20,CARRASCO SERGIO JOSE,S-SANTIAGO,Vacantes de Carrera,CBF1002_VC03,19.0
CBF1002,ELECTRICIDAD Y MAGNETISMO,7.0,,Seccion 3,AYUDANTIA OBLIGATORIA 02,VI 16:00 - 17:20,,S-SANTIAGO,Vacantes de Carrera,CBF1002_VC03,
CBF1002,ELECTRICIDAD Y MAGNETISMO,7.0,,Seccion 3,LABORATORIO 03,MI 16:00 - 17:20,CARRASCO SERGIO JOSE,S-SANTIAGO,Vacantes de Carrera,CBF1002_VC03,
CBF1002,ELECTRICIDAD Y MAGNETISMO,7.0,,Seccion 4,CATEDRA 02,LU JU 16:00 - 17:20,CARRASCO SERGIO JOSE,S-SANTIAGO,Vacantes de Carrera,CBF1002_VC04,19.0
CBF1002,ELECTRICIDAD Y MAGNETISMO,7.0,,Seccion 4,AYUDANTIA OBLIGATORIA 02,VI 16:00 - 17:20,,S-SANTIAGO,Vacantes de Carrera,CBF1002_VC04,
CBF1002,ELECTRICIDAD Y MAGNETISMO,7.0,,Seccion 4,LABORATORIO 04,MI 16:00 - 17:20,CARRASCO SERGIO JOSE,S-SANTIAGO,Vacantes de Carrera,CBF1002_VC04,
CBF1002,ELECTRICIDAD Y MAGNETISMO,7.0,,Seccion 5,CATEDRA 03,MA JU 10:00 - 11:20,LEON ALEJANDRO,S-SANTIAGO,Vacantes de Carrera,CBF1002_VC05,19.0
CBF1002,ELECTRICIDAD Y MAGNETISMO,7.0,,Seccion 5,LABORATORIO 05,LU 10:00 - 11:20,VILLAGRAN SIDNEY HERNAN,S-SANTIAGO,Vacantes de Carrera,CBF1002_VC05,
CBF1002,ELECTRICIDAD Y MAGNETISMO,7.0,,Seccion 5,AYUDANTIA OBLIGATORIA 03,MI 10:00 - 11:20,,S-SANTIAGO,Vacantes de Carrera,CBF1002_VC05,
CBF1002,ELECTRICIDAD Y MAGNETISMO,7.0,,Seccion 6,LABORATORIO 06,LU 10:00 - 11:20,VILLAGRAN SIDNEY HERNAN,S-SANTIAGO,Vacantes de Carrera,CBF1002_VC06,19.0
CBF1002,ELECTRICIDAD Y MAGNETISMO,7.0,,Seccion 6,CATEDRA 03,MA JU 10:00 - 11:20,LEON ALEJANDRO,S-SANTIAGO,Vacantes de Carrera,CBF1002_VC06,
CBF1002,ELECTRICIDAD Y MAGNETISMO,7.0,,Seccion 6,AYUDANTIA OBLIGATORIA 03,MI 10:00 - 11:20,,S-SANTIAGO,Vacantes de Carrera,CBF1002_VC06,
CBF1002,ELECTRICIDAD Y MAGNETISMO,7.0,,Seccion 7,CATEDRA 04,LU JU 11:30 - 12:50,BARTOLO LEONARDO MAURICIO,S-SANTIAGO,Vacantes de Carrera,CBF1002_VC07,19.0
CBF1002,ELECTRICIDAD Y MAGNETISMO,7.0,,Seccion 7,LABORATORIO 07,MA 11:30 - 12:50,BARTOLO LEONARDO MAURICIO,S-SANTIAGO,Vacantes de Carrera,CBF1002_VC07,
CBF1002,ELECTRICIDAD Y MAGNETISMO,7.0,,Seccion 7,AYUDANTIA OBLIGATORIA 04,VI 11:30 - 12:50,,S-SANTIAGO,Vacantes de Carrera,CBF1002_VC07,
CBF1002,ELECTRICIDAD Y MAGNETISMO,7.0,,Seccion 8,CATEDRA 04,LU JU 11:30 - 12:50,BARTOLO LEONARDO MAURICIO,S-SANTIAGO,Vacantes de Carrera,CBF1002_VC08,19.0
CBF1002,ELECTRICIDAD Y MAGNETISMO,7.0,,Seccion 8,LABORATORIO 08,MA 11:30 - 12:50,BARTOLO LEONARDO MAURICIO,S-SANTIAGO,Vacantes de Carrera,CBF1002_VC08,
CBF1002,ELECTRICIDAD Y MAGNETISMO,7.0,,Seccion 8,AYUDANTIA OBLIGATORIA 04,VI 11:30 - 12:50,,S-SANTIAGO,Vacantes de Carrera,CBF1002_VC08,
CBF1002,ELECTRICIDAD Y MAGNETISMO,7.0,,Seccion 9,CATEDRA 05,LU JU 08:30 - 09:50,RIVERA JOSE RICARDO,S-SANTIAGO,Vacantes de Carrera,CBF1002_VC09,19.0
CBF1002,ELECTRICIDAD Y MAGNETISMO,7.0,,Seccion 9,LABORATORIO 09,MA 08:30 - 09:50,RIVERA JOSE RICARDO,S-SANTIAGO,Vacantes de Carrera,CBF1002_VC09,
CBF1002,ELECTRICIDAD Y MAGNETISMO,7.0,,Seccion 9,AYUDANTIA OBLIGATORIA 05,VI 08:30 - 09:50,,S-SANTIAGO,Vacantes de Carrera,CBF1002_VC09,
CBM1000,ALGEBRA Y GEOMETRIA,7.0,,Seccion 1,CATEDRA 01,LU MA JU 08:30 - 09:50,CASADO ANDREA,S-SANTIAGO,Vacantes de Carrera,CBM1000_VC01,40.0
CBM1000,ALGEBRA Y GEOMETRIA,7.0,,Seccion 1,AYUDANTIA OBLIGATORIA 01,MI 08:30 - 09:50,,S-SANTIAGO,Vacantes de Carrera,CBM1000_VC01,
CBM1000,ALGEBRA Y GEOMETRIA,7.0,,Seccion 2,CATEDRA 02,LU MA JU 14:30 - 15:50,ROSSEL JUAN BAUDILIO,S-SANTIAGO,Vacantes de Carrera,CBM1000_VC02,40.0
CBM1000,ALGEBRA Y GEOMETRIA,7.0,,Seccion 2,AYUDANTIA OBLIGATORIA 02,VI 14:30 - 15:50,,S-SANTIAGO,Vacantes de Carrera,CBM1000_VC02,
CBM1000,ALGEBRA Y GEOMETRIA,7.0,,Seccion 3,CATEDRA 03,LU MA JU 16:00 - 17:20,CAMUS RUBEN,S-SANTIAGO,Vacantes de Carrera,CBM1000_VC03,40.0
CBM1000,ALGEBRA Y GEOMETRIA,7.0,,Seccion 3,AYUDANTIA OBLIGATORIA 03,MI 16:00 - 17:20,,S-SANTIAGO,Vacantes de Carrera,CBM1000_VC03,
CBM1000,ALGEBRA Y GEOMETRIA,7.0,,Seccion 4,CATEDRA 04,LU MA JU 10:00 - 11:20,CASADO ANDREA,S-SANTIAGO,Vacantes de Carrera,CBM1000_VC04,40.0
CBM1000,ALGEBRA Y GEOMETRIA,7.0,,Seccion 4,AYUDANTIA OBLIGATORIA 04,VI 10:00 - 11:20,,S-SANTIAGO,Vacantes de Carrera,CBM1000_VC04,
CBM1001,CALCULO I,7.0,,Seccion 1,CATEDRA 01,LU MA JU 10:00 - 11:20,NEIRA TOMAS ALFONSO,S-SANTIAGO,Vacantes de Carrera,CBM1001_VC01,40.0
CBM1001,CALCULO I,7.0,,Seccion 1,AYUDANTIA OBLIGATORIA 01,MI 10:00 - 11:20,,S-SANTIAGO,Vacantes de Carrera,CBM1001_VC01,
CBM1001,CALCULO I,7.0,,Seccion 2,CATEDRA 02,LU MA JU 16:00 - 17:20,BRAYOVIC BORIS ALEXANDER,S-SANTIAGO,Vacantes de Carrera,CBM1001_VC02,40.0
CBM1001,CALCULO I,7.0,,Seccion 2,AYUDANTIA OBLIGATORIA 02,MI 16:00 - 17:20,,S-SANTIAGO,Vacantes de Carrera,CBM1001_VC02,
CBM1001,CALCULO I,7.0,,Seccion 3,CATEDRA 03,LU MA JU 11:30 - 12:50,ARANCIBIA SARA,S-SANTIAGO,Vacantes de Carrera,CBM1001_VC03,40.0
CBM1001,CALCULO I,7.0,,Seccion 3,AYUDANTIA OBLIGATORIA 03,VI 11:30 - 12:50,,S-SANTIAGO,Vacantes de Carrera,CBM1001_VC03,
CBM1001,CALCULO I,7.0,,Seccion 4,CATEDRA 04,LU MA JU 14:30 - 15:50,LOPEZ MARIA GABRIELA,S-SANTIAGO,Vacantes de Carrera,CBM1001_VC04,40.0
CBM1001,CALCULO I,7.0,,Seccion 4,AYUDANTIA OBLIGATORIA 04,VI 14:30 - 15:50,,S-SANTIAGO,Vacantes de Carrera,CBM1001_VC04,
CBM1001,CALCULO I,7.0,,Seccion 5,AYUDANTIA OBLIGATORIA 05,VI 13:00 - 14:20,,S-SANTIAGO,Vacantes de Carrera,CBM1001_VC05,40.0
CBM1001,CALCULO I,7.0,,Seccion 5,CATEDRA 05,MA MI JU 13:00 - 14:20,MARTI EMILIO ANDRES,S-SANTIAGO,Vacantes de Carrera,CBM1001_VC05,
CBM1002,ALGEBRA LINEAL,6.0,,Seccion 1,CATEDRA 01,MA JU VI 10:00 - 11:20,LOPEZ MARIA GABRIELA,S-SANTIAGO,Vacantes de Carrera,CBM1002_VC01,40.0
CBM1002,ALGEBRA LINEAL,6.0,,Seccion 1,AYUDANTIA OBLIGATORIA 01,LU 10:00 - 11:20,,S-SANTIAGO,Vacantes de Carrera,CBM1002_VC01,
CBM1002,ALGEBRA LINEAL,6.0,,Seccion 10,CATEDRA 10,LU MA JU 16:00 - 17:20,LOPEZ MARIA GABRIELA,S-SANTIAGO,Vacantes de Carrera,CBM1002_VC10,40.0
CBM1002,ALGEBRA LINEAL,6.0,,Seccion 10,AYUDANTIA OBLIGATORIA 10,MI 16:00 - 17:20,,S-SANTIAGO,Vacantes de Carrera,CBM1002_VC10,
CBM1002,ALGEBRA LINEAL,6.0,,Seccion 11,B-LEARNING HORARIO BLOQUEADO 11,LU MA JU 16:00 - 17:20,SAAVEDRA IGNACIO EDUARDO,S-SANTIAGO,Vacantes de Carrera,CBM1002_VC11,40.0
CBM1002,ALGEBRA LINEAL,6.0,,Seccion 11,AYUDANTIA OBLIGATORIA 11,VI 16:00 - 17:20,,S-SANTIAGO,Vacantes de Carrera,CBM1002_VC11,
CBM1002,ALGEBRA LINEAL,6.0,,Seccion 2,CATEDRA 02,LU MA JU 10:00 - 11:20,LANDERO CARLOS GABRIEL,S-SANTIAGO,Vacantes de Carrera,CBM1002_VC02,40.0
CBM1002,ALGEBRA LINEAL,6.0,,Seccion 2,AYUDANTIA OBLIGATORIA 02,MI 10:00 - 11:20,,S-SANTIAGO,Vacantes de Carrera,CBM1002_VC02,
CBM1002,ALGEBRA LINEAL,6.0,,Seccion 3,CATEDRA 03,LU MA JU 08:30 - 09:50,MATURANA HUGO,S-SANTIAGO,Vacantes de Carrera,CBM1002_VC03,40.0
CBM1002,ALGEBRA LINEAL,6.0,,Seccion 3,AYUDANTIA OBLIGATORIA 03,VI 08:30 - 09:50,,S-SANTIAGO,Vacantes de Carrera,CBM1002_VC03,
CBM1002,ALGEBRA LINEAL,6.0,,Seccion 4,B-LEARNING HORARIO BLOQUEADO 04,LU MI JU 08:30 - 09:50,CONTRERAS JAIME GILBERTO,S-SANTIAGO,Vacantes de Carrera,CBM1002_VC04,40.0
CBM1002,ALGEBRA LINEAL,6.0,,Seccion 4,AYUDANTIA OBLIGATORIA 04,MA 08:30 - 09:50,,S-SANTIAGO,Vacantes de Carrera,CBM1002_VC04,
CBM1002,ALGEBRA LINEAL,6.0,,Seccion 5,CATEDRA 05,LU MA JU 17:25 - 18:45,SAAVEDRA IGNACIO EDUARDO,S-SANTIAGO,Vacantes de Carrera,CBM1002_VC05,40.0
CBM1002,ALGEBRA LINEAL,6.0,,Seccion 5,AYUDANTIA OBLIGATORIA 05,MI 17:25 - 18:45,,S-SANTIAGO,Vacantes de Carrera,CBM1002_VC05,
CBM1002,ALGEBRA LINEAL,6.0,,Seccion 6,CATEDRA 06,LU MA JU 11:30 - 12:50,CASADO ANDREA,S-SANTIAGO,Vacantes de Carrera,CBM1002_VC06,40.0
CBM1002,ALGEBRA LINEAL,6.0,,Seccion 6,AYUDANTIA OBLIGATORIA 06,VI 11:30 - 12:50,,S-SANTIAGO,Vacantes de Carrera,CBM1002_VC06,
CBM1002,ALGEBRA LINEAL,6.0,,Seccion 7,CATEDRA 07,LU MA JU 11:30 - 12:50,ROSSEL JUAN BAUDILIO,S-SANTIAGO,Vacantes de Carrera,CBM1002_VC07,40.0
CBM1002,ALGEBRA LINEAL,6.0,,Seccion 7,AYUDANTIA OBLIGATORIA 07,VI 11:30 - 12:50,,S-SANTIAGO,Vacantes de Carrera,CBM1002_VC07,
CBM1002,ALGEBRA LINEAL,6.0,,Seccion 8,CATEDRA 08,LU MA JU 14:30 - 15:50,BRAYOVIC BORIS ALEXANDER,S-SANTIAGO,Vacantes de Carrera,CBM1002_VC08,40.0
CBM1002,ALGEBRA LINEAL,6.0,,Seccion 8,AYUDANTIA OBLIGATORIA 08,MI 14:30 - 15:50,,S-SANTIAGO,Vacantes de Carrera,CBM1002_VC08,
CBM1002,ALGEBRA LINEAL,6.0,,Seccion 9,AYUDANTIA OBLIGATORIA 09,MI 16:00 - 17:20,,S-SANTIAGO,Vacantes de Carrera,CBM1002_VC09,40.0
CBM1002,ALGEBRA LINEAL,6.0,,Seccion 9,CATEDRA 09,LU MA JU 14:30 - 15:50,LANDERO CARLOS GABRIEL,S-SANTIAGO,Vacantes de Carrera,CBM1002_VC09,
CBM1003,CALCULO II,6.0,,Seccion 1,CATEDRA 01,LU MA JU 14:30 - 15:50,SAAVEDRA IGNACIO EDUARDO,S-SANTIAGO,Vacantes de Carrera,CBM1003_VC01,40.0
CBM1003,CALCULO II,6.0,,Seccion 1,AYUDANTIA OBLIGATORIA 01,VI 14:30 - 15:50,,S-SANTIAGO,Vacantes de Carrera,CBM1003_VC01,
CBM1003,CALCULO II,6.0,,Seccion 10,B-LEARNING HORARIO BLOQUEADO 10,LU MA JU 10:00 - 11:20,RIVERO ROSA ELVIRA,S-SANTIAGO,Vacantes de Carrera,CBM1003_VC10,40.0
CBM1003,CALCULO II,6.0,,Seccion 10,AYUDANTIA OBLIGATORIA 10,MI 10:00 - 11:20,,S-SANTIAGO,Vacantes de Carrera,CBM1003_VC10,
CBM1003,CALCULO II,6.0,,Seccion 11,CATEDRA 11,LU MA JU 10:00 - 11:20,ROSSEL JUAN BAUDILIO,S-SANTIAGO,Vacantes de Carrera,CBM1003_VC11,40.0
CBM1003,CALCULO II,6.0,,Seccion 11,AYUDANTIA OBLIGATORIA 11,MI 10:00 - 11:20,,S-SANTIAGO,Vacantes de Carrera,CBM1003_VC11,
CBM1003,CALCULO II,6.0,,Seccion 12,CATEDRA 12,LU MA JU 13:00 - 14:20,ZUNIGA FERNANDO,S-SANTIAGO,Vacantes de Carrera,CBM1003_VC12,40.0
CBM1003,CALCULO II,6.0,,Seccion 12,AYUDANTIA OBLIGATORIA 12,MI 13:00 - 14:20,,S-SANTIAGO,Vacantes de Carrera,CBM1003_VC12,
CBM1003,CALCULO II,6.0,,Seccion 3,CATEDRA 03,LU MA JU 16:00 - 17:20,MARTI EMILIO ANDRES,S-SANTIAGO,Vacantes de Carrera,CBM1003_VC03,40.0
CBM1003,CALCULO II,6.0,,Seccion 3,AYUDANTIA OBLIGATORIA 03,MI 16:00 - 17:20,,S-SANTIAGO,Vacantes de Carrera,CBM1003_VC03,
CBM1003,CALCULO II,6.0,,Seccion 4,CATEDRA 04,LU MA JU 11:30 - 12:50,RIVERO ROSA ELVIRA,S-SANTIAGO,Vacantes de Carrera,CBM1003_VC04,40.0
CBM1003,CALCULO II,6.0,,Seccion 4,AYUDANTIA OBLIGATORIA 04,VI 11:30 - 12:50,,S-SANTIAGO,Vacantes de Carrera,CBM1003_VC04,
CBM1003,CALCULO II,6.0,,Seccion 5,CATEDRA 05,LU MA JU 11:30 - 12:50,LANDERO CARLOS GABRIEL,S-SANTIAGO,Vacantes de Carrera,CBM1003_VC05,40.0
CBM1003,CALCULO II,6.0,,Seccion 5,AYUDANTIA OBLIGATORIA 05,VI 11:30 - 12:50,,S-SANTIAGO,Vacantes de Carrera,CBM1003_VC05,
CBM1003,CALCULO II,6.0,,Seccion 6,CATEDRA 06,LU MA JU 13:00 - 14:20,BRAYOVIC BORIS ALEXANDER,S-SANTIAGO,Vacantes de Carrera,CBM1003_VC06,40.0
CBM1003,CALCULO II,6.0,,Seccion 6,AYUDANTIA OBLIGATORIA 06,MI 13:00 - 14:20,,S-SANTIAGO,Vacantes de Carrera,CBM1003_VC06,
CBM1003,CALCULO II,6.0,,Seccion 7,CATEDRA 07,LU MA JU 08:30 - 09:50,ROSSEL JUAN BAUDILIO,S-SANTIAGO,Vacantes de Carrera,CBM1003_VC07,40.0
CBM1003,CALCULO II,6.0,,Seccion 7,AYUDANTIA OBLIGATORIA 07,MI 08:30 - 09:50,,S-SANTIAGO,Vacantes de Carrera,CBM1003_VC07,
CBM1003,CALCULO II,6.0,,Seccion 8,AYUDANTIA OBLIGATORIA 08,VI 08:30 - 09:50,,S-SANTIAGO,Vacantes de Carrera,CBM1003_VC08,40.0
CBM1003,CALCULO II,6.0,,Seccion 8,CATEDRA 08,LU MA JU 08:30 - 09:50,LANDERO CARLOS GABRIEL,S-SANTIAGO,Vacantes de Carrera,CBM1003_VC08,
CBM1003,CALCULO II,6.0,,Seccion 9,B-LEARNING HORARIO BLOQUEADO 09,LU MA JU 17:25 - 18:45,MARTI EMILIO ANDRES,S-SANTIAGO,Vacantes de Carrera,CBM1003_VC09,40.0
CBM1003,CALCULO II,6.0,,Seccion 9,AYUDANTIA OBLIGATORIA 09,MI 17:25 - 18:45,,S-SANTIAGO,Vacantes de Carrera,CBM1003_VC09,
CBM1005,ECUACIONES DIFERENCIALES,6.0,,Seccion 1,CATEDRA 01,LU JU 13:00 - 14:20,LOPEZ JULIO CESAR,S-SANTIAGO,Vacantes de Carrera,CBM1005_VC01,40.0
CBM1005,ECUACIONES DIFERENCIALES,6.0,,Seccion 1,AYUDANTIA OBLIGATORIA 01,MI 13:00 - 14:20,,S-SANTIAGO,Vacantes de Carrera,CBM1005_VC01,
CBM1005,ECUACIONES DIFERENCIALES,6.0,,Seccion 2,CATEDRA 02,LU JU 17:25 - 18:45,MUNOZ JUAN ESTEBAN EDUARDO,S-SANTIAGO,Vacantes de Carrera,CBM1005_VC02,40.0
CBM1005,ECUACIONES DIFERENCIALES,6.0,,Seccion 2,AYUDANTIA OBLIGATORIA 02,MI 17:25 - 18:45,,S-SANTIAGO,Vacantes de Carrera,CBM1005_VC02,
CBM1005,ECUACIONES DIFERENCIALES,6.0,,Seccion 3,CATEDRA 03,LU JU 10:00 - 11:20,LOPEZ JULIO CESAR,S-SANTIAGO,Vacantes de Carrera,CBM1005_VC03,40.0
CBM1005,ECUACIONES DIFERENCIALES,6.0,,Seccion 3,AYUDANTIA OBLIGATORIA 03,MI 10:00 - 11:20,,S-SANTIAGO,Vacantes de Carrera,CBM1005_VC03,
CBM1005,ECUACIONES DIFERENCIALES,6.0,,Seccion 4,CATEDRA 04,MA VI 11:30 - 12:50,LOPEZ MARIA GABRIELA,S-SANTIAGO,Vacantes de Carrera,CBM1005_VC04,40.0
CBM1005,ECUACIONES DIFERENCIALES,6.0,,Seccion 4,AYUDANTIA OBLIGATORIA 04,MI 10:00 - 11:20,,S-SANTIAGO,Vacantes de Carrera,CBM1005_VC04,
CBM1005,ECUACIONES DIFERENCIALES,6.0,,Seccion 5,AYUDANTIA OBLIGATORIA 05,MI 08:30 - 09:50,,S-SANTIAGO,Vacantes de Carrera,CBM1005_VC05,40.0
CBM1005,ECUACIONES DIFERENCIALES,6.0,,Seccion 5,CATEDRA 05,MA VI 08:30 - 09:50,LOPEZ MARIA GABRIELA,S-SANTIAGO,Vacantes de Carrera,CBM1005_VC05,
CBM1006,CALCULO III,6.0,,Seccion 1,CATEDRA 01,MA MI 08:30 - 09:50,SAAVEDRA IGNACIO EDUARDO,S-SANTIAGO,Vacantes de Carrera,CBM1006_VC01,40.0
CBM1006,CALCULO III,6.0,,Seccion 1,AYUDANTIA OBLIGATORIA 01,VI 08:30 - 09:50,,S-SANTIAGO,Vacantes de Carrera,CBM1006_VC01,
CBM1006,CALCULO III,6.0,,Seccion 2,AYUDANTIA OBLIGATORIA 02,VI 10:00 - 11:20,,S-SANTIAGO,Vacantes de Carrera,CBM1006_VC02,40.0
CBM1006,CALCULO III,6.0,,Seccion 2,CATEDRA 02,LU JU 10:00 - 11:20,MATURANA HUGO,S-SANTIAGO,Vacantes de Carrera,CBM1006_VC02,
CBM1006,CALCULO III,6.0,,Seccion 3,AYUDANTIA OBLIGATORIA 03,MI 13:00 - 14:20,,S-SANTIAGO,Vacantes de Carrera,CBM1006_VC03,40.0
CBM1006,CALCULO III,6.0,,Seccion 3,CATEDRA 03,LU JU 13:00 - 14:20,MARECHAL MATTHIEU PHILIPPE,S-SANTIAGO,Vacantes de Carrera,CBM1006_VC03,
CBM1006,CALCULO III,6.0,,Seccion 4,AYUDANTIA OBLIGATORIA 04,MI 14:30 - 15:50,,S-SANTIAGO,Vacantes de Carrera,CBM1006_VC04,40.0
CBM1006,CALCULO III,6.0,,Seccion 4,CATEDRA 04,LU JU 14:30 - 15:50,MARTI EMILIO ANDRES,S-SANTIAGO,Vacantes de Carrera,CBM1006_VC04,
CBM1006,CALCULO III,6.0,,Seccion 5,AYUDANTIA OBLIGATORIA 05,VI 11:30 - 12:50,,S-SANTIAGO,Vacantes de Carrera,CBM1006_VC05,40.0
CBM1006,CALCULO III,6.0,,Seccion 5,CATEDRA 05,LU JU 11:30 - 12:50,MARECHAL MATTHIEU PHILIPPE,S-SANTIAGO,Vacantes de Carrera,CBM1006_VC05,
CBM1006,CALCULO III,6.0,,Seccion 6,CATEDRA 06,LU JU 16:00 - 17:20,MUNOZ JUAN ESTEBAN EDUARDO,S-SANTIAGO,Vacantes de Carrera,CBM1006_VC06,40.0
CBM1006,CALCULO III,6.0,,Seccion 6,AYUDANTIA OBLIGATORIA 06,MI 16:00 - 17:20,,S-SANTIAGO,Vacantes de Carrera,CBM1006_VC06,
CBQ1000,QUIMICA,6.0,,Seccion 1,CATEDRA 01,MA VI 13:00 - 14:20,REYES NORA LILIAN,S-SANTIAGO,Vacantes de Carrera,CBQ1000_VC01,35.0
CBQ1000,QUIMICA,6.0,,Seccion 1,AYUDANTIA OBLIGATORIA 01,MI 13:00 - 14:20,,S-SANTIAGO,Vacantes de Carrera,CBQ1000_VC01,
CBQ1000,QUIMICA,6.0,,Seccion 2,CATEDRA 02,LU JU 10:00 - 11:20,,S-SANTIAGO,Vacantes de Carrera,CBQ1000_VC02,35.0
CBQ1000,QUIMICA,6.0,,Seccion 2,AYUDANTIA OBLIGATORIA 02,MI 10:00 - 11:20,,S-SANTIAGO,Vacantes de Carrera,CBQ1000_VC02,
CBQ1000,QUIMICA,6.0,,Seccion 3,CATEDRA 03,LU JU 08:30 - 09:50,OPAZO EDITH ALEJANDRA,S-SANTIAGO,Vacantes de Carrera,CBQ1000_VC03,35.0
CBQ1000,QUIMICA,6.0,,Seccion 3,AYUDANTIA OBLIGATORIA 04,MI 08:30 - 09:50,,S-SANTIAGO,Vacantes de Carrera,CBQ1000_VC03,
CBQ1000,QUIMICA,6.0,,Seccion 4,AYUDANTIA OBLIGATORIA 04,MI 14:30 - 15:50,,S-SANTIAGO,Vacantes de Carrera,CBQ1000_VC04,35.0
CBQ1000,QUIMICA,6.0,,Seccion 4,CATEDRA 04,LU JU 11:30 - 12:50,,S-SANTIAGO,Vacantes de Carrera,CBQ1000_VC04,
CII1000,CONTABILIDAD Y COSTOS,6.0,ICI3325,Seccion 1,CATEDRA 01,LU JU 08:30 - 09:50,CORTES EMA BENITA,S-SANTIAGO,Vacantes de Carrera,CII1000_VC01,40.0
CII1000,CONTABILIDAD Y COSTOS,6.0,ICI3325,Seccion 1,AYUDANTIA OPCIONAL 01,MI 10:00 - 11:20,MARTINEZ DAMIAN,S-SANTIAGO,Vacantes de Carrera,CII1000_VC01,
CII1000,CONTABILIDAD Y COSTOS,6.0,ICI3325,Seccion 1,CATEDRA 01,LU JU 08:30 - 09:50,CORTES EMA BENITA,S-SANTIAGO,Vacantes FG,CII1000_FG01,5.0
CII1000,CONTABILIDAD Y COSTOS,6.0,ICI3325,Seccion 1,AYUDANTIA OPCIONAL 01,MI 10:00 - 11:20,MARTINEZ DAMIAN,S-SANTIAGO,Vacantes FG,CII1000_FG01,
CII1000,CONTABILIDAD Y COSTOS,6.0,ICI3325,Seccion 2,AYUDANTIA OPCIONAL 02,MI 08:30 - 09:50,FADEL GIOVANNI,S-SANTIAGO,Vacantes de Carrera,CII1000_VC02,40.0
CII1000,CONTABILIDAD Y COSTOS,6.0,ICI3325,Seccion 2,CATEDRA 02,MA VI 13:00 - 14:20,CORTES EMA BENITA,S-SANTIAGO,Vacantes de Carrera,CII1000_VC02,
CII1000,CONTABILIDAD Y COSTOS,6.0,ICI3325,Seccion 2,AYUDANTIA OPCIONAL 02,MI 08:30 - 09:50,FADEL GIOVANNI,S-SANTIAGO,Vacantes FG,CII1000_FG02,5.0
CII1000,CONTABILIDAD Y COSTOS,6.0,ICI3325,Seccion 2,CATEDRA 02,MA VI 13:00 - 14:20,CORTES EMA BENITA,S-SANTIAGO,Vacantes FG,CII1000_FG02,
CII1000,CONTABILIDAD Y COSTOS,6.0,ICI3325,Seccion 3,CATEDRA 03,LU JU 08:30 - 09:50,ORTIZ ROBERTO ENRIQUE,S-SANTIAGO,Vacantes de Carrera,CII1000_VC03,40.0
CII1000,CONTABILIDAD Y COSTOS,6.0,ICI3325,Seccion 3,AYUDANTIA OPCIONAL 03,MI 10:00 - 11:20,,S-SANTIAGO,Vacantes de Carrera,CII1000_VC03,
CII1000,CONTABILIDAD Y COSTOS,6.0,ICI3325,Seccion 3,AYUDANTIA OPCIONAL 03,MI 10:00 - 11:20,,S-SANTIAGO,Vacantes FG,CII1000_FG03,5.0
CII1000,CONTABILIDAD Y COSTOS,6.0,ICI3325,Seccion 3,CATEDRA 03,LU JU 08:30 - 09:50,ORTIZ ROBERTO ENRIQUE,S-SANTIAGO,Vacantes FG,CII1000_FG03,
CII1000,CONTABILIDAD Y COSTOS,6.0,ICI3325,Seccion 4,CATEDRA 04,LU JU 11:30 - 12:50,ORTIZ ROBERTO ENRIQUE,S-SANTIAGO,Vacantes de Carrera,CII1000_VC04,40.0
CII1000,CONTABILIDAD Y COSTOS,6.0,ICI3325,Seccion 4,AYUDANTIA OPCIONAL 04,MI 17:25 - 18:45,,S-SANTIAGO,Vacantes de Carrera,CII1000_VC04,
CII1000,CONTABILIDAD Y COSTOS,6.0,ICI3325,Seccion 4,CATEDRA 04,LU JU 11:30 - 12:50,ORTIZ ROBERTO ENRIQUE,S-SANTIAGO,Vacantes FG,CII1000_FG04,5.0
CII1000,CONTABILIDAD Y COSTOS,6.0,ICI3325,Seccion 4,AYUDANTIA OPCIONAL 04,MI 17:25 - 18:45,,S-SANTIAGO,Vacantes FG,CII1000_FG04,
CII1000,CONTABILIDAD Y COSTOS,6.0,ICI3325,Seccion 5,CATEDRA 05,MA VI 16:00 - 17:20,SAN MARTIN ROSA IRENE,S-SANTIAGO,Vacantes de Carrera,CII1000_VC05,45.0
CII1000,CONTABILIDAD Y COSTOS,6.0,ICI3325,Seccion 5,AYUDANTIA OPCIONAL 05,MI 14:30 - 15:50,,S-SANTIAGO,Vacantes de Carrera,CII1000_VC05,
CII2002,INGENIERIA ECONOMICA,6.0,,Seccion 1,CATEDRA 01,LU JU 10:00 - 11:20,AVILA GONZALO IGNACIO,S-SANTIAGO,Vacantes de Carrera,CII2002_VC01,45.0
CII2002,INGENIERIA ECONOMICA,6.0,,Seccion 1,CATEDRA 01,LU JU 10:00 - 11:20,ORTIZ ROBERTO ENRIQUE,S-SANTIAGO,Vacantes de Carrera,CII2002_VC01,
CII2002,INGENIERIA ECONOMICA,6.0,,Seccion 1,AYUDANTIA OPCIONAL 01,MI 13:00 - 14:20,,S-SANTIAGO,Vacantes de Carrera,CII2002_VC01,
CII2002,INGENIERIA ECONOMICA,6.0,,Seccion 2,CATEDRA 02,LU JU 08:30 - 09:50,FAIVOVICH EDUARDO JAIME,S-SANTIAGO,Vacantes de Carrera,CII2002_VC02,45.0
CII2002,INGENIERIA ECONOMICA,6.0,,Seccion 2,AYUDANTIA OPCIONAL 02,MI 10:00 - 11:20,,S-SANTIAGO,Vacantes de Carrera,CII2002_VC02,
CII2002,INGENIERIA ECONOMICA,6.0,,Seccion 3,CATEDRA 03,LU JU 14:30 - 15:50,ARAVENA LUCIANO,S-SANTIAGO,Vacantes de Carrera,CII2002_VC03,45.0
CII2002,INGENIERIA ECONOMICA,6.0,,Seccion 3,CATEDRA 03,LU JU 14:30 - 15:50,FAIVOVICH EDUARDO JAIME,S-SANTIAGO,Vacantes de Carrera,CII2002_VC03,
CII2002,INGENIERIA ECONOMICA,6.0,,Seccion 3,AYUDANTIA OPCIONAL 03,MI 14:30 - 15:50,,S-SANTIAGO,Vacantes de Carrera,CII2002_VC03,
CII2750,OPTIMIZACION,6.0,,Seccion 1,CATEDRA 01,LU JU 16:00 - 17:20,TANIDA MITSUO LUCAS MATI,S-SANTIAGO,Vacantes de Carrera,CII2750_VC01,45.0
CII2750,OPTIMIZACION,6.0,,Seccion 1,AYUDANTIA OPCIONAL 01,MI 16:00 - 17:20,URBINA IGNACIO,S-SANTIAGO,Vacantes de Carrera,CII2750_VC01,
CII2750,OPTIMIZACION,6.0,,Seccion 2,CATEDRA 02,LU JU 17:25 - 18:45,,S-SANTIAGO,Vacantes de Carrera,CII2750_VC02,45.0
CII2750,OPTIMIZACION,6.0,,Seccion 2,AYUDANTIA OPCIONAL 02,MI 13:00 - 14:20,,S-SANTIAGO,Vacantes de Carrera,CII2750_VC02,
CII2750,OPTIMIZACION,6.0,,Seccion 3,CATEDRA 03,LU JU 11:30 - 12:50,ZUNIGA EDUARDO ISRAEL,S-SANTIAGO,Vacantes de Carrera,CII2750_VC03,45.0
CII2750,OPTIMIZACION,6.0,,Seccion 3,AYUDANTIA OPCIONAL 03,MI 13:00 - 14:20,,S-SANTIAGO,Vacantes de Carrera,CII2750_VC03,
CII2750,OPTIMIZACION,6.0,,Seccion 4,AYUDANTIA OPCIONAL 04,MI 10:00 - 11:20,,S-SANTIAGO,Vacantes de Carrera,CII2750_VC04,45.0
CII2750,OPTIMIZACION,6.0,,Seccion 4,CATEDRA 04,MA VI 16:00 - 17:20,JARA FRANCISCO IVAN,S-SANTIAGO,Vacantes de Carrera,CII2750_VC04,
CII2750,OPTIMIZACION,6.0,,Seccion 5,CATEDRA 05,MA VI 17:25 - 18:45,TANIDA MITSUO LUCAS MATI,S-SANTIAGO,Vacantes de Carrera,CII2750_VC05,45.0
CII2750,OPTIMIZACION,6.0,,Seccion 5,CATEDRA 05,MA VI 17:25 - 18:45,HENRIQUEZ ANGELO,S-SANTIAGO,Vacantes de Carrera,CII2750_VC05,
CII2750,OPTIMIZACION,6.0,,Seccion 5,AYUDANTIA OPCIONAL 05,MI 16:00 - 17:20,HENRIQUEZ ANGELO,S-SANTIAGO,Vacantes de Carrera,CII2750_VC05,
CII2750,OPTIMIZACION,6.0,,Seccion 6,CATEDRA 06,MA VI 08:30 - 09:50,,S-SANTIAGO,Vacantes de Carrera,CII2750_VC06,45.0
CII2750,OPTIMIZACION,6.0,,Seccion 6,AYUDANTIA OPCIONAL 06,MI 08:30 - 09:50,,S-SANTIAGO,Vacantes de Carrera,CII2750_VC06,
CIT1000,PROGRAMACION,6.0,,Seccion 1,CATEDRA 01,MA VI 11:30 - 12:50,ALVAREZ ESTEBAN AUGUSTO,S-SANTIAGO,Vacantes de Carrera,CIT1000_CA01,40.0
CIT1000,PROGRAMACION,6.0,,Seccion 1,AYUDANTIA OBLIGATORIA 01,MI 14:30 - 15:50,,S-SANTIAGO,Vacantes de Carrera,CIT1000_CA01,
CIT1000,PROGRAMACION,6.0,,Seccion 2,CATEDRA 02,MA VI 11:30 - 12:50,DUARTE JUAN JOSE,S-SANTIAGO,Vacantes de Carrera,CIT1000_CA02,40.0
CIT1000,PROGRAMACION,6.0,,Seccion 2,AYUDANTIA OBLIGATORIA 02,JU 13:00 - 14:20,,S-SANTIAGO,Vacantes de Carrera,CIT1000_CA02,
CIT1000,PROGRAMACION,6.0,,Seccion 3,CATEDRA 03,LU JU 17:25 - 18:45,LLANZA LEANDRO ANTONIO,S-SANTIAGO,Vacantes de Carrera,CIT1000_C003,40.0
CIT1000,PROGRAMACION,6.0,,Seccion 3,AYUDANTIA OBLIGATORIA 03,MA 13:00 - 14:20,,S-SANTIAGO,Vacantes de Carrera,CIT1000_C003,
CIT1010,PROGRAMACION AVANZADA,6.0,,Seccion 1,AYUDANTIA OBLIGATORIA 01,VI 08:30 - 09:50,,S-SANTIAGO,Vacantes de Carrera,CIT1010_CA01,
CIT1010,PROGRAMACION AVANZADA,6.0,,Seccion 1,CATEDRA 01,LU JU 11:30 - 12:50,REYES VICTOR ALEJANDRO,S-SANTIAGO,Vacantes de Carrera,CIT1010_CA01,
CIT1010,PROGRAMACION AVANZADA,6.0,,Seccion 10,CATEDRA 10,MA VI 16:00 - 17:20,MUNOZ RODRIGO EUGENIO,S-SANTIAGO,Vacantes de Carrera,CIT1010_CA10,45.0
CIT1010,PROGRAMACION AVANZADA,6.0,,Seccion 10,AYUDANTIA OBLIGATORIA 10,MI 17:25 - 18:45,,S-SANTIAGO,Vacantes de Carrera,CIT1010_CA10,
CIT1010,PROGRAMACION AVANZADA,6.0,,Seccion 2,CATEDRA 02,LU JU 11:30 - 12:50,SCHKOLNIK DEMIAN ALEY,S-SANTIAGO,Vacantes de Carrera,CIT1010_VC02,45.0
CIT1010,PROGRAMACION AVANZADA,6.0,,Seccion 2,AYUDANTIA OBLIGATORIA 02,MA 11:30 - 12:50,,S-SANTIAGO,Vacantes de Carrera,CIT1010_VC02,
CIT1010,PROGRAMACION AVANZADA,6.0,,Seccion 3,CATEDRA 03,MA VI 10:00 - 11:20,DUARTE JUAN JOSE,S-SANTIAGO,Vacantes de Carrera,CIT1010_CA03,45.0
CIT1010,PROGRAMACION AVANZADA,6.0,,Seccion 3,AYUDANTIA OBLIGATORIA 03,JU 10:00 - 11:20,,S-SANTIAGO,Vacantes de Carrera,CIT1010_CA03,
CIT1010,PROGRAMACION AVANZADA,6.0,,Seccion 4,CATEDRA 04,MA VI 10:00 - 11:20,MUNOZ RODRIGO EUGENIO,S-SANTIAGO,Vacantes de Carrera,CIT1010_CA04,45.0
CIT1010,PROGRAMACION AVANZADA,6.0,,Seccion 4,AYUDANTIA OBLIGATORIA 04,MI 10:00 - 11:20,,S-SANTIAGO,Vacantes de Carrera,CIT1010_CA04,
CIT1010,PROGRAMACION AVANZADA,6.0,,Seccion 5,CATEDRA 05,MA VI 08:30 - 09:50,DUARTE JUAN JOSE,S-SANTIAGO,Vacantes de Carrera,CIT1010_CA05,45.0
CIT1010,PROGRAMACION AVANZADA,6.0,,Seccion 5,AYUDANTIA OBLIGATORIA 05,JU 08:30 - 09:50,,S-SANTIAGO,Vacantes de Carrera,CIT1010_CA05,
CIT1010,PROGRAMACION AVANZADA,6.0,,Seccion 6,CATEDRA 06,LU JU 16:00 - 17:20,LLANZA LEANDRO ANTONIO,S-SANTIAGO,Vacantes de Carrera,CIT1010_CA06,45.0
CIT1010,PROGRAMACION AVANZADA,6.0,,Seccion 6,AYUDANTIA OBLIGATORIA 06,MI 16:00 - 17:20,,S-SANTIAGO,Vacantes de Carrera,CIT1010_CA06,
CIT1010,PROGRAMACION AVANZADA,6.0,,Seccion 7,CATEDRA 07,MA VI 16:00 - 17:20,DUARTE JUAN JOSE,S-SANTIAGO,Vacantes de Carrera,CIT1010_CA07,
CIT1010,PROGRAMACION AVANZADA,6.0,,Seccion 7,AYUDANTIA OBLIGATORIA 07,JU 16:00 - 17:20,,S-SANTIAGO,Vacantes de Carrera,CIT1010_CA07,
CIT1010,PROGRAMACION AVANZADA,6.0,,Seccion 8,CATEDRA 08,LU JU 13:00 - 14:20,GIADACH JUAN RICARDO,S-SANTIAGO,Vacantes de Carrera,CIT1010_CA08,45.0
CIT1010,PROGRAMACION AVANZADA,6.0,,Seccion 8,AYUDANTIA OBLIGATORIA 08,MA 13:00 - 14:20,,S-SANTIAGO,Vacantes de Carrera,CIT1010_CA08,
CIT1010,PROGRAMACION AVANZADA,6.0,,Seccion 9,CATEDRA 09,MA VI 13:00 - 14:20,ALBA MANUEL,S-SANTIAGO,Vacantes de Carrera,CIT1010_CA09,
CIT1010,PROGRAMACION AVANZADA,6.0,,Seccion 9,AYUDANTIA OBLIGATORIA 09,MI 13:00 - 14:20,,S-SANTIAGO,Vacantes de Carrera,CIT1010_CA09,
CIT2201,PROYECTO EN TICS II,6.0,,Seccion 1,CATEDRA 01,LU JU 13:00 - 14:20,ELLIOTT JORGE ERNESTO,S-SANTIAGO,Vacantes de Carrera,CIT2201_VC01,40.0
CIT2201,PROYECTO EN TICS II,6.0,,Seccion 1,AYUDANTIA OBLIGATORIA 01,JU 16:00 - 17:20,,S-SANTIAGO,Vacantes de Carrera,CIT2201_VC01,
CIT3201,PROYECTO EN TICS III,7.0,,Seccion 1,CATEDRA 01,LU JU 17:25 - 18:45,OSORIO CRISTIAN AUGUSTO,S-SANTIAGO,Vacantes de Carrera,CIT3201_VC01,35.0
CIT3201,PROYECTO EN TICS III,7.0,,Seccion 1,AYUDANTIA OBLIGATORIA 01,MA 17:25 - 18:45,,S-SANTIAGO,Vacantes de Carrera,CIT3201_VC01,
CIT3320,CONTINUIDAD DE NEGOCIOS,6.0,,Seccion 1,CATEDRA 01,MA VI 11:30 - 12:50,ELLIOTT JORGE ERNESTO,S-SANTIAGO,Vacantes de Carrera,CIT3320_CA01,31.0
CIT3427,INTERNET DE LAS COSAS,6.0,,Seccion 1,CATEDRA 01,LU JU 16:00 - 17:20,DUJOVNE DIEGO ROBERTO,S-SANTIAGO,Vacantes de Carrera,CIT3427_CA01,20.0
CIT4011,TITULACION EXAMEN DE TITULO,30.0,,Seccion 1,CATEDRA 01,VI 17:25 - 18:45,GEOFFROY XIMENA MARIA,S-SANTIAGO,Vacantes de Carrera,CIT4011_CA01,25.0
CIT4011,TITULACION EXAMEN DE TITULO,30.0,,Seccion 1,CATEDRA 01,VI 17:25 - 18:45,HIDALGO NICOLAS ANDRES,S-SANTIAGO,Vacantes de Carrera,CIT4011_CA01,
CIT4012,TITULACION MEMORIA,30.0,,Seccion 1,CATEDRA 01,MA 17:25 - 18:45,HIDALGO NICOLAS ANDRES,S-SANTIAGO,Vacantes de Carrera,CIT4012_CA01,10.0
CIT4012,TITULACION MEMORIA,30.0,,Seccion 1,CATEDRA 01,MA 17:25 - 18:45,SERVELLO STEPHANIE ISABEL,S-SANTIAGO,Vacantes de Carrera,CIT4012_CA01,
CIT4012,TITULACION MEMORIA,30.0,,Seccion 1,CATEDRA 01,MA 17:25 - 18:45,GEOFFROY XIMENA MARIA,S-SANTIAGO,Vacantes de Carrera,CIT4012_CA01,
CIT4013,TITULACION TALLER PROFESIONAL,30.0,,Seccion 1,CATEDRA 01,MI 17:25 - 18:45,HIDALGO NICOLAS ANDRES,S-SANTIAGO,Vacantes de Carrera,CIT4013_CA01,12.0
CIT4013,TITULACION TALLER PROFESIONAL,30.0,,Seccion 1,CATEDRA 01,MI 17:25 - 18:45,GEOFFROY XIMENA MARIA,S-SANTIAGO,Vacantes de Carrera,CIT4013_CA01,
CIT4014,TITULACION PAPER,30.0,,Seccion 1,CATEDRA 01,LU 17:25 - 18:45,GEOFFROY XIMENA MARIA,S-SANTIAGO,Vacantes de Carrera,CIT4014_CA01,
CIT5001,PRACTICA PROFESIONAL 1,0.0,,Seccion 1,PRACTICA 01,MI 17:25 - 18:45,,S-SANTIAGO,Vacantes de Carrera,CIT5001_VC01,35.0
CIT5002,PRACTICA PROFESIONAL 2,0.0,,Seccion 1,PRACTICA 01,MI 17:25 - 18:45,,S-SANTIAGO,Vacantes de Carrera,CIT5002_VC01,24.0
FIC1000,COMUNICACION PARA LA INGENIERIA,5.0,,Seccion 1,CATEDRA 01,MA VI 08:30 - 09:50,SERVELLO STEPHANIE ISABEL,S-SANTIAGO,Vacantes de Carrera,FIC1000_VC01,45.0
FIC1003,DERECHO EN INGENIERIA,5.0,,Seccion 1,CATEDRA 01,MA VI 10:00 - 11:20,DIAZ JOSE ANTONIO,S-SANTIAGO,Vacantes de Carrera,FIC1003_VC01,50.0
FIC1003,DERECHO EN INGENIERIA,5.0,,Seccion 1,CATEDRA 01,MA VI 10:00 - 11:20,CABRERA ARIAN ALFONSO,S-SANTIAGO,Vacantes de Carrera,FIC1003_VC01,
FIC1003,DERECHO EN INGENIERIA,5.0,,Seccion 2,CATEDRA 02,MA VI 08:30 - 09:50,DIAZ JOSE ANTONIO,S-SANTIAGO,Vacantes de Carrera,FIC1003_VC02,50.0
FIC1003,DERECHO EN INGENIERIA,5.0,,Seccion 2,CATEDRA 02,MA VI 08:30 - 09:50,CABRERA ARIAN ALFONSO,S-SANTIAGO,Vacantes de Carrera,FIC1003_VC02,
FIC1003,DERECHO EN INGENIERIA,5.0,,Seccion 3,CATEDRA 03,MA VI 11:30 - 12:50,DIAZ JOSE ANTONIO,S-SANTIAGO,Vacantes de Carrera,FIC1003_VC03,50.0
FIC1003,DERECHO EN INGENIERIA,5.0,,Seccion 3,CATEDRA 03,MA VI 11:30 - 12:50,CABRERA ARIAN ALFONSO,S-SANTIAGO,Vacantes de Carrera,FIC1003_VC03,
CIT2204,PROBABILIDADES Y ESTADISTICAS,6.0,,Seccion 1,CATEDRA 01,MA VI 11:30 - 12:50,SCHKOLNIK DEMIAN ALEY,S-SANTIAGO,Vacantes de Carrera,CIT2204_CA01,40.0
CIT2204,PROBABILIDADES Y ESTADISTICAS,6.0,,Seccion 1,AYUDANTIA OBLIGATORIA 01,MI 17:25 - 18:45,,S-SANTIAGO,Vacantes de Carrera,CIT2204_CA01,
CIT2204,PROBABILIDADES Y ESTADISTICAS,6.0,,Seccion 2,CATEDRA 02,MA VI 10:00 - 11:20,SCHKOLNIK DEMIAN ALEY,S-SANTIAGO,Vacantes de Carrera,CIT2204_CA02,40.0
CIT2204,PROBABILIDADES Y ESTADISTICAS,6.0,,Seccion 2,AYUDANTIA OBLIGATORIA 02,MI 17:25 - 18:45,,S-SANTIAGO,Vacantes de Carrera,CIT2204_CA02,
CIG1002,INGLES GENERAL II,5.0,"ENG2100, IAE3621, IFM2303, CI",Seccion 1,CATEDRA INGLES 01,MI 14:30 - 15:50; MI 16:00 - 17:20,POBLETE JAVIERA FRANCISCA,S-SANTIAGO,Vacantes de Carrera,CIG1002_VC01,30.0
CIG1002,INGLES GENERAL II,5.0,"ENG2100, IAE3621, IFM2303, CI",Seccion 2,CATEDRA INGLES 02,LU JU 10:00 - 11:20,PALOMINOS MARCELA CATALINA,S-SANTIAGO,Vacantes de Carrera,CIG1002_VC02,30.0
CIG1002,INGLES GENERAL II,5.0,"ENG2100, IAE3621, IFM2303, CI",Seccion 3,CATEDRA INGLES 03,LU JU 11:30 - 12:50,PALOMINOS MARCELA CATALINA,S-SANTIAGO,Vacantes de Carrera,CIG1002_VC03,30.0
CIG1002,INGLES GENERAL II,5.0,"ENG2100, IAE3621, IFM2303, CI",Seccion 4,CATEDRA INGLES 04,LU JU 13:00 - 14:20,PALOMINOS MARCELA CATALINA,S-SANTIAGO,Vacantes de Carrera,CIG1002_VC04,30.0
CIG1002,INGLES GENERAL II,5.0,"ENG2100, IAE3621, IFM2303, CI",Seccion 5,CATEDRA INGLES 05,LU MI 16:00 - 17:20,MELLA ALEX AGUSTIN,S-SANTIAGO,Vacantes de Carrera,CIG1002_VC05,30.0
CIG1002,INGLES GENERAL II,5.0,"ENG2100, IAE3621, IFM2303, CI",Seccion 6,CATEDRA INGLES 06,LU MI 17:25 - 18:45,MELLA ALEX AGUSTIN,S-SANTIAGO,Vacantes de Carrera,CIG1002_VC06,30.0
CIG1002,INGLES GENERAL II,5.0,"ENG2100, IAE3621, IFM2303, CI",Seccion 7,CATEDRA INGLES 07,MI VI 13:00 - 14:20,ARAOS JENNY FABIOLA,S-SANTIAGO,Vacantes de Carrera,CIG1002_VC07,30.0
CIG1002,INGLES GENERAL II,5.0,"ENG2100, IAE3621, IFM2303, CI",Seccion 8,CATEDRA INGLES 08,MA JU 10:00 - 11:20,RODRIGUEZ KARINA STEPHANIE,S-HUECHURABA,Vacantes de Carrera,CIG1002_VC08,30.0
CIG1003,INGLES GENERAL III,5.0,"ENG2500, IAE3721, ICO8703, CI",Seccion 1,CATEDRA INGLES 01,LU JU 10:00 - 11:20,ACEITUNO ADOLFO ENRIQUE,S-SANTIAGO,Vacantes de Carrera,CIG1003_VC01,30.0
CIG1003,INGLES GENERAL III,5.0,"ENG2500, IAE3721, ICO8703, CI",Seccion 10,CATEDRA INGLES 10,MA JU 10:00 - 11:20,NORAMBUENA CAROLINA ANGELICA,S-SANTIAGO,Vacantes de Carrera,CIG1003_VC10,30.0
CIG1003,INGLES GENERAL III,5.0,"ENG2500, IAE3721, ICO8703, CI",Seccion 11,CATEDRA INGLES 11,MA JU 11:30 - 12:50,NORAMBUENA CAROLINA ANGELICA,S-SANTIAGO,Vacantes de Carrera,CIG1003_VC11,30.0
CIG1003,INGLES GENERAL III,5.0,"ENG2500, IAE3721, ICO8703, CI",Seccion 12,CATEDRA INGLES 12,MA JU 13:00 - 14:20,ARAOS JENNY FABIOLA,S-SANTIAGO,Vacantes de Carrera,CIG1003_VC12,30.0
CIG1003,INGLES GENERAL III,5.0,"ENG2500, IAE3721, ICO8703, CI",Seccion 13,CATEDRA INGLES 13,LU MI 14:30 - 15:50,ARAOS JENNY FABIOLA,S-SANTIAGO,Vacantes de Carrera,CIG1003_VC13,30.0
CIG1003,INGLES GENERAL III,5.0,"ENG2500, IAE3721, ICO8703, CI",Seccion 14,CATEDRA INGLES 14,MA 08:30 - 09:50; VI 13:00 - 14:20,ARCE CARLOS ANDRES,S-SANTIAGO,Vacantes de Carrera,CIG1003_VC14,30.0
CIG1003,INGLES GENERAL III,5.0,"ENG2500, IAE3721, ICO8703, CI",Seccion 15,CATEDRA INGLES 15,MI 08:30 - 09:50; VI 14:30 - 15:50,ARCE CARLOS ANDRES,S-SANTIAGO,Vacantes de Carrera,CIG1003_VC15,30.0
CIG1003,INGLES GENERAL III,5.0,"ENG2500, IAE3721, ICO8703, CI",Seccion 16,CATEDRA INGLES 16,LU MI 10:00 - 11:20,CELIS MARIA PAULINA,S-SANTIAGO,Vacantes de Carrera,CIG1003_VC16,30.0
CIG1003,INGLES GENERAL III,5.0,"ENG2500, IAE3721, ICO8703, CI",Seccion 17,CATEDRA INGLES 17,LU MI 11:30 - 12:50,CELIS MARIA PAULINA,S-SANTIAGO,Vacantes de Carrera,CIG1003_VC17,30.0
CIG1003,INGLES GENERAL III,5.0,"ENG2500, IAE3721, ICO8703, CI",Seccion 18,CATEDRA INGLES 18,LU MI 13:00 - 14:20,CELIS MARIA PAULINA,S-SANTIAGO,Vacantes de Carrera,CIG1003_VC18,30.0
CIG1003,INGLES GENERAL III,5.0,"ENG2500, IAE3721, ICO8703, CI",Seccion 19,CATEDRA INGLES 19,MA JU 08:30 - 09:50,MOYANO NATALY DEL SOL,S-SANTIAGO,Vacantes de Carrera,CIG1003_VC19,30.0
CIG1003,INGLES GENERAL III,5.0,"ENG2500, IAE3721, ICO8703, CI",Seccion 2,CATEDRA INGLES 02,LU JU 11:30 - 12:50,ACEITUNO ADOLFO ENRIQUE,S-SANTIAGO,Vacantes de Carrera,CIG1003_VC02,30.0
CIG1003,INGLES GENERAL III,5.0,"ENG2500, IAE3721, ICO8703, CI",Seccion 20,CATEDRA INGLES 20,MA JU 10:00 - 11:20,MOYANO NATALY DEL SOL,S-SANTIAGO,Vacantes de Carrera,CIG1003_VC20,30.0
CIG1003,INGLES GENERAL III,5.0,"ENG2500, IAE3721, ICO8703, CI",Seccion 21,CATEDRA INGLES 21,MA JU 11:30 - 12:50,MOYANO NATALY DEL SOL,S-SANTIAGO,Vacantes de Carrera,CIG1003_VC21,30.0
CIG1003,INGLES GENERAL III,5.0,"ENG2500, IAE3721, ICO8703, CI",Seccion 22,CATEDRA INGLES 22,LU MI 11:30 - 12:50,NEGRETE NORMA ENRIQUETA,S-SANTIAGO,Vacantes de Carrera,CIG1003_VC22,30.0
CIG1003,INGLES GENERAL III,5.0,"ENG2500, IAE3721, ICO8703, CI",Seccion 23,CATEDRA INGLES 23,LU MI 13:00 - 14:20,NEGRETE NORMA ENRIQUETA,S-SANTIAGO,Vacantes de Carrera,CIG1003_VC23,30.0
CIG1003,INGLES GENERAL III,5.0,"ENG2500, IAE3721, ICO8703, CI",Seccion 24,CATEDRA INGLES 24,LU MI 14:30 - 15:50,NEGRETE NORMA ENRIQUETA,S-SANTIAGO,Vacantes de Carrera,CIG1003_VC24,30.0
CIG1003,INGLES GENERAL III,5.0,"ENG2500, IAE3721, ICO8703, CI",Seccion 25,CATEDRA INGLES 25,MA JU 08:30 - 09:50,NUNEZ RAMON HERNAN,S-SANTIAGO,Vacantes de Carrera,CIG1003_VC25,30.0
CIG1003,INGLES GENERAL III,5.0,"ENG2500, IAE3721, ICO8703, CI",Seccion 26,CATEDRA INGLES 26,MA JU 10:00 - 11:20,NUNEZ RAMON HERNAN,S-SANTIAGO,Vacantes de Carrera,CIG1003_VC26,30.0
CIG1003,INGLES GENERAL III,5.0,"ENG2500, IAE3721, ICO8703, CI",Seccion 27,CATEDRA INGLES 27,MA JU 11:30 - 12:50,NUNEZ RAMON HERNAN,S-SANTIAGO,Vacantes de Carrera,CIG1003_VC27,30.0
CIG1003,INGLES GENERAL III,5.0,"ENG2500, IAE3721, ICO8703, CI",Seccion 28,CATEDRA INGLES 28,MI VI 08:30 - 09:50,SALINAS MARTA AZUCENA,S-SANTIAGO,Vacantes de Carrera,CIG1003_VC28,30.0
CIG1003,INGLES GENERAL III,5.0,"ENG2500, IAE3721, ICO8703, CI",Seccion 29,CATEDRA INGLES 29,MI VI 10:00 - 11:20,SALINAS MARTA AZUCENA,S-SANTIAGO,Vacantes de Carrera,CIG1003_VC29,30.0
CIG1003,INGLES GENERAL III,5.0,"ENG2500, IAE3721, ICO8703, CI",Seccion 3,CATEDRA INGLES 03,LU JU 13:00 - 14:20,ACEITUNO ADOLFO ENRIQUE,S-SANTIAGO,Vacantes de Carrera,CIG1003_VC03,30.0
CIG1003,INGLES GENERAL III,5.0,"ENG2500, IAE3721, ICO8703, CI",Seccion 30,CATEDRA INGLES 30,MI VI 11:30 - 12:50,SALINAS MARTA AZUCENA,S-SANTIAGO,Vacantes de Carrera,CIG1003_VC30,30.0
CIG1003,INGLES GENERAL III,5.0,"ENG2500, IAE3721, ICO8703, CI",Seccion 31,CATEDRA INGLES 31,MI VI 13:00 - 14:20,SALINAS MARTA AZUCENA,S-SANTIAGO,Vacantes de Carrera,CIG1003_VC31,30.0
CIG1003,INGLES GENERAL III,5.0,"ENG2500, IAE3721, ICO8703, CI",Seccion 32,CATEDRA INGLES 32,LU 13:00 - 14:20; VI 14:30 - 15:50,ARAOS JENNY FABIOLA,S-SANTIAGO,Vacantes de Carrera,CIG1003_VC32,30.0
CIG1003,INGLES GENERAL III,5.0,"ENG2500, IAE3721, ICO8703, CI",Seccion 33,CATEDRA INGLES 33,MA JU 10:00 - 11:20,SCHIAPPACASSE VILMA,S-SANTIAGO,Vacantes de Carrera,CIG1003_VC33,30.0
CIG1003,INGLES GENERAL III,5.0,"ENG2500, IAE3721, ICO8703, CI",Seccion 34,CATEDRA INGLES 34,MA JU 14:30 - 15:50,NEGRETE NORMA ENRIQUETA,S-SANTIAGO,Vacantes de Carrera,CIG1003_VC34,30.0
CIG1003,INGLES GENERAL III,5.0,"ENG2500, IAE3721, ICO8703, CI",Seccion 35,CATEDRA INGLES 35,MA JU 16:00 - 17:20,BAMBACH MARIA EUGENIA,S-SANTIAGO,Vacantes de Carrera,CIG1003_VC35,30.0
CIG1003,INGLES GENERAL III,5.0,"ENG2500, IAE3721, ICO8703, CI",Seccion 36,CATEDRA INGLES 36,LU VI 14:30 - 15:50,CONTRERAS EUGENIA BEATRIZ,S-SANTIAGO,Vacantes de Carrera,CIG1003_VC36,30.0
CIG1003,INGLES GENERAL III,5.0,"ENG2500, IAE3721, ICO8703, CI",Seccion 37,CATEDRA INGLES 37,LU VI 16:00 - 17:20,CONTRERAS EUGENIA BEATRIZ,S-SANTIAGO,Vacantes de Carrera,CIG1003_VC37,30.0
CIG1003,INGLES GENERAL III,5.0,"ENG2500, IAE3721, ICO8703, CI",Seccion 38,CATEDRA INGLES 38,MA JU 20:15 - 21:30,MELLA ALEX AGUSTIN,S-SANTIAGO,Vacantes de Carrera,CIG1003_VC38,30.0
CIG1003,INGLES GENERAL III,5.0,"ENG2500, IAE3721, ICO8703, CI",Seccion 39,CATEDRA INGLES 39,MA JU 14:30 - 15:50,VELOSO JESUS ERASMO,S-SANTIAGO,Vacantes de Carrera,CIG1003_VC39,30.0
CIG1003,INGLES GENERAL III,5.0,"ENG2500, IAE3721, ICO8703, CI",Seccion 4,CATEDRA INGLES 04,MA VI 10:00 - 11:20,SANI QUIRIAN GRISELLI,S-SANTIAGO,Vacantes de Carrera,CIG1003_VC04,30.0
CIG1003,INGLES GENERAL III,5.0,"ENG2500, IAE3721, ICO8703, CI",Seccion 40,CATEDRA INGLES 40,MA JU 16:00 - 17:20,VELOSO JESUS ERASMO,S-SANTIAGO,Vacantes de Carrera,CIG1003_VC40,30.0
CIG1003,INGLES GENERAL III,5.0,"ENG2500, IAE3721, ICO8703, CI",Seccion 41,CATEDRA INGLES 41,LU MI 11:30 - 12:50,TORRES OSMAN LUCIANO,S-HUECHURABA,Vacantes de Carrera,CIG1003_VC41,30.0
CIG1003,INGLES GENERAL III,5.0,"ENG2500, IAE3721, ICO8703, CI",Seccion 42,CATEDRA INGLES 42,JU 10:00 - 11:20; MA 13:00 - 14:20,TORRES OSMAN LUCIANO,S-HUECHURABA,Vacantes de Carrera,CIG1003_VC42,30.0
CIG1003,INGLES GENERAL III,5.0,"ENG2500, IAE3721, ICO8703, CI",Seccion 43,CATEDRA INGLES 43,MA JU 14:30 - 15:50,TORRES OSMAN LUCIANO,S-HUECHURABA,Vacantes de Carrera,CIG1003_VC43,30.0
CIG1003,INGLES GENERAL III,5.0,"ENG2500, IAE3721, ICO8703, CI",Seccion 44,CATEDRA INGLES 44,MA JU 11:30 - 12:50,TORRES OSMAN LUCIANO,S-HUECHURABA,Vacantes de Carrera,CIG1003_VC44,30.0
CIG1003,INGLES GENERAL III,5.0,"ENG2500, IAE3721, ICO8703, CI",Seccion 45,CATEDRA INGLES 45,LU MI 10:00 - 11:20,CEA KAREM CAROL,S-HUECHURABA,Vacantes de Carrera,CIG1003_VC45,30.0
CIG1003,INGLES GENERAL III,5.0,"ENG2500, IAE3721, ICO8703, CI",Seccion 46,CATEDRA INGLES 46,LU MI 11:30 - 12:50,CEA KAREM CAROL,S-HUECHURABA,Vacantes de Carrera,CIG1003_VC46,30.0
CIG1003,INGLES GENERAL III,5.0,"ENG2500, IAE3721, ICO8703, CI",Seccion 47,CATEDRA INGLES 47,LU MI 13:00 - 14:20,CEA KAREM CAROL,S-HUECHURABA,Vacantes de Carrera,CIG1003_VC47,30.0
CIG1003,INGLES GENERAL III,5.0,"ENG2500, IAE3721, ICO8703, CI",Seccion 48,CATEDRA INGLES 48,LU JU 16:00 - 17:20,CEA KAREM CAROL,S-HUECHURABA,Vacantes de Carrera,CIG1003_VC48,30.0
CIG1003,INGLES GENERAL III,5.0,"ENG2500, IAE3721, ICO8703, CI",Seccion 49,CATEDRA INGLES 49,LU 16:00 - 17:20; VI 17:25 - 18:45,ACUNA SYLVIA VICTORIA,S-HUECHURABA,Vacantes de Carrera,CIG1003_VC49,30.0
CIG1003,INGLES GENERAL III,5.0,"ENG2500, IAE3721, ICO8703, CI",Seccion 5,CATEDRA INGLES 05,MA VI 11:30 - 12:50,SANI QUIRIAN GRISELLI,S-SANTIAGO,Vacantes de Carrera,CIG1003_VC05,30.0
CIG1003,INGLES GENERAL III,5.0,"ENG2500, IAE3721, ICO8703, CI",Seccion 50,CATEDRA INGLES 50,LU JU 17:25 - 18:45,ACUNA SYLVIA VICTORIA,S-HUECHURABA,Vacantes de Carrera,CIG1003_VC50,30.0
CIG1003,INGLES GENERAL III,5.0,"ENG2500, IAE3721, ICO8703, CI",Seccion 51,CATEDRA INGLES 51,MA JU 11:30 - 12:50,CEA KAREM CAROL,S-HUECHURABA,Vacantes de Carrera,CIG1003_VC51,30.0
CIG1003,INGLES GENERAL III,5.0,"ENG2500, IAE3721, ICO8703, CI",Seccion 6,CATEDRA INGLES 06,MA VI 13:00 - 14:20,PALOMINOS MARCELA CATALINA,S-SANTIAGO,Vacantes de Carrera,CIG1003_VC06,30.0
CIG1003,INGLES GENERAL III,5.0,"ENG2500, IAE3721, ICO8703, CI",Seccion 7,CATEDRA INGLES 07,MA VI 14:30 - 15:50,PALOMINOS MARCELA CATALINA,S-SANTIAGO,Vacantes de Carrera,CIG1003_VC07,30.0
CIG1003,INGLES GENERAL III,5.0,"ENG2500, IAE3721, ICO8703, CI",Seccion 8,CATEDRA INGLES 08,MA JU 18:50 - 20:10,MELLA ALEX AGUSTIN,S-SANTIAGO,Vacantes de Carrera,CIG1003_VC08,30.0
CIG1003,INGLES GENERAL III,5.0,"ENG2500, IAE3721, ICO8703, CI",Seccion 9,CATEDRA INGLES 09,LU MI 18:50 - 20:10,MELLA ALEX AGUSTIN,S-SANTIAGO,Vacantes de Carrera,CIG1003_VC09,30.0
CIT4015,TITULACION VIA MAGISTER,30.0,,Seccion 1,CATEDRA 01,JU 17:25 - 18:45,GEOFFROY XIMENA MARIA,S-SANTIAGO,Vacantes de Carrera,CIT4015_CA01,3.0
CIG1014,INGLES GENERAL III,5.0,ICG3573,Seccion 1,CATEDRA INGLES 01,MA VI 10:00 - 11:20,ACEITUNO ADOLFO ENRIQUE,S-SANTIAGO,Vacantes de Carrera,CIG1014_VC01,30.0
CIG1014,INGLES GENERAL III,5.0,ICG3573,Seccion 10,CATEDRA INGLES 10,LU MI 16:00 - 17:20,BAMBACH MARIA EUGENIA,S-SANTIAGO,Vacantes de Carrera,CIG1014_VC10,30.0
CIG1014,INGLES GENERAL III,5.0,ICG3573,Seccion 11,CATEDRA INGLES 11,MA JU 14:30 - 15:50,CONTRERAS EUGENIA BEATRIZ,S-SANTIAGO,Vacantes de Carrera,CIG1014_VC11,30.0
CIG1014,INGLES GENERAL III,5.0,ICG3573,Seccion 12,CATEDRA INGLES 12,MA JU 16:00 - 17:20,CONTRERAS EUGENIA BEATRIZ,S-SANTIAGO,Vacantes de Carrera,CIG1014_VC12,30.0
CIG1014,INGLES GENERAL III,5.0,ICG3573,Seccion 13,CATEDRA INGLES 13,MA JU 17:25 - 18:45,CONTRERAS EUGENIA BEATRIZ,S-SANTIAGO,Vacantes de Carrera,CIG1014_VC13,30.0
CIG1014,INGLES GENERAL III,5.0,ICG3573,Seccion 14,CATEDRA INGLES 14,LU MI 10:00 - 11:20,SCHIAPPACASSE VILMA,S-SANTIAGO,Vacantes de Carrera,CIG1014_VC14,30.0
CIG1014,INGLES GENERAL III,5.0,ICG3573,Seccion 15,CATEDRA INGLES 15,LU MI 11:30 - 12:50,SCHIAPPACASSE VILMA,S-SANTIAGO,Vacantes de Carrera,CIG1014_VC15,30.0
CIG1014,INGLES GENERAL III,5.0,ICG3573,Seccion 16,CATEDRA INGLES 16,LU MI 13:00 - 14:20,SCHIAPPACASSE VILMA,S-SANTIAGO,Vacantes de Carrera,CIG1014_VC16,30.0
CIG1014,INGLES GENERAL III,5.0,ICG3573,Seccion 17,CATEDRA INGLES 17,MA JU 08:30 - 09:50,SALINAS MARTA AZUCENA,S-SANTIAGO,Vacantes de Carrera,CIG1014_VC17,30.0
CIG1014,INGLES GENERAL III,5.0,ICG3573,Seccion 18,CATEDRA INGLES 18,MA JU 10:00 - 11:20,SALINAS MARTA AZUCENA,S-SANTIAGO,Vacantes de Carrera,CIG1014_VC18,30.0
CIG1014,INGLES GENERAL III,5.0,ICG3573,Seccion 19,CATEDRA INGLES 19,LU MI 08:30 - 09:50,NUNEZ RAMON HERNAN,S-SANTIAGO,Vacantes de Carrera,CIG1014_VC19,30.0
CIG1014,INGLES GENERAL III,5.0,ICG3573,Seccion 2,CATEDRA INGLES 02,MA VI 11:30 - 12:50,ACEITUNO ADOLFO ENRIQUE,S-SANTIAGO,Vacantes de Carrera,CIG1014_VC02,30.0
CIG1014,INGLES GENERAL III,5.0,ICG3573,Seccion 20,CATEDRA INGLES 20,MI VI 10:00 - 11:20,MOYANO NATALY DEL SOL,S-SANTIAGO,Vacantes de Carrera,CIG1014_VC20,30.0
CIG1014,INGLES GENERAL III,5.0,ICG3573,Seccion 21,CATEDRA INGLES 21,MI VI 11:30 - 12:50,MOYANO NATALY DEL SOL,S-SANTIAGO,Vacantes de Carrera,CIG1014_VC21,30.0
CIG1014,INGLES GENERAL III,5.0,ICG3573,Seccion 22,CATEDRA INGLES 22,MI VI 13:00 - 14:20,MOYANO NATALY DEL SOL,S-SANTIAGO,Vacantes de Carrera,CIG1014_VC22,30.0
CIG1014,INGLES GENERAL III,5.0,ICG3573,Seccion 23,CATEDRA INGLES 23,LU MI 10:00 - 11:20,TORRES OSMAN LUCIANO,S-HUECHURABA,Vacantes de Carrera,CIG1014_VC23,30.0
CIG1014,INGLES GENERAL III,5.0,ICG3573,Seccion 24,CATEDRA INGLES,MA JU 10:00 - 11:20,CEA KAREM CAROL,S-HUECHURABA,Vacantes de Carrera,CIG1014_VC24,30.0
CIG1014,INGLES GENERAL III,5.0,ICG3573,Seccion 3,CATEDRA INGLES 03,LU JU 10:00 - 11:20,SANI QUIRIAN GRISELLI,S-SANTIAGO,Vacantes de Carrera,CIG1014_VC03,30.0
CIG1014,INGLES GENERAL III,5.0,ICG3573,Seccion 4,CATEDRA INGLES 04,LU JU 11:30 - 12:50,SANI QUIRIAN GRISELLI,S-SANTIAGO,Vacantes de Carrera,CIG1014_VC04,30.0
CIG1014,INGLES GENERAL III,5.0,ICG3573,Seccion 5,CATEDRA INGLES 05,LU JU 13:00 - 14:20,SANI QUIRIAN GRISELLI,S-SANTIAGO,Vacantes de Carrera,CIG1014_VC05,30.0
CIG1014,INGLES GENERAL III,5.0,ICG3573,Seccion 6,CATEDRA INGLES 06,MA JU 14:30 - 15:50,NORAMBUENA CAROLINA ANGELICA,S-SANTIAGO,Vacantes de Carrera,CIG1014_VC06,30.0
CIG1014,INGLES GENERAL III,5.0,ICG3573,Seccion 7,CATEDRA INGLES 07,MA JU 16:00 - 17:20,NORAMBUENA CAROLINA ANGELICA,S-SANTIAGO,Vacantes de Carrera,CIG1014_VC07,30.0
CIG1014,INGLES GENERAL III,5.0,ICG3573,Seccion 8,CATEDRA INGLES 08,MA JU 11:30 - 12:50,BAMBACH MARIA EUGENIA,S-SANTIAGO,Vacantes de Carrera,CIG1014_VC08,30.0
CIG1014,INGLES GENERAL III,5.0,ICG3573,Seccion 9,CATEDRA INGLES 09,LU MI 14:30 - 15:50,BAMBACH MARIA EUGENIA,S-SANTIAGO,Vacantes de Carrera,CIG1014_VC09,30.0
CIT3431,REDES MOVILES CELULARES,6.0,,Seccion 1,CATEDRA 01,MA VI 08:30 - 09:50,CARVAJAL ROBERTO CARLOS,S-SANTIAGO,Vacantes de Carrera,CIT3431_CA01,25.0
CIT2006,ESTRUCTURAS DE DATOS Y ALGORITMOS,6.0,CIT2000,Seccion 1,CATEDRA 02,MA VI 16:00 - 17:20,,S-SANTIAGO,Vacantes de Carrera,CIT2006_CA02,40.0
CIT2006,ESTRUCTURAS DE DATOS Y ALGORITMOS,6.0,CIT2000,Seccion 1,AYUDANTIA OBLIGATORIA 02,MI 16:00 - 17:20,,S-SANTIAGO,Vacantes de Carrera,CIT2006_CA02,
CIT2006,ESTRUCTURAS DE DATOS Y ALGORITMOS,6.0,CIT2000,Seccion 1,LABORATORIO 02,JU 13:00 - 14:20,,S-SANTIAGO,Vacantes de Carrera,CIT2006_CA02,
CIT2006,ESTRUCTURAS DE DATOS Y ALGORITMOS,6.0,CIT2000,Seccion 3,CATEDRA 01,MA VI 10:00 - 11:20,RODRIGUEZ MIGUEL ANTONIO,S-SANTIAGO,Vacantes de Carrera,CIT2006_CA01,35.0
CIT2006,ESTRUCTURAS DE DATOS Y ALGORITMOS,6.0,CIT2000,Seccion 3,AYUDANTIA OBLIGATORIA 01,MI 13:00 - 14:20,,S-SANTIAGO,Vacantes de Carrera,CIT2006_CA01,
CIT2006,ESTRUCTURAS DE DATOS Y ALGORITMOS,6.0,CIT2000,Seccion 3,LABORATORIO 01,MA 13:00 - 14:20,,S-SANTIAGO,Vacantes de Carrera,CIT2006_CA01,
CIT2006,ESTRUCTURAS DE DATOS Y ALGORITMOS,6.0,CIT2000,Seccion 4,CATEDRA 03,LU JU 11:30 - 12:50,,S-SANTIAGO,Vacantes de Carrera,CIT2006_VC03,35.0
CIT2006,ESTRUCTURAS DE DATOS Y ALGORITMOS,6.0,CIT2000,Seccion 4,AYUDANTIA OBLIGATORIA 03,MA 11:30 - 12:50,,S-SANTIAGO,Vacantes de Carrera,CIT2006_VC03,
CIT2006,ESTRUCTURAS DE DATOS Y ALGORITMOS,6.0,CIT2000,Seccion 4,LABORATORIO 03,VI 11:30 - 12:50,,S-SANTIAGO,Vacantes de Carrera,CIT2006_VC03,
CIT2107,ELECTRONICA Y ELECTROTECNIA,6.0,CIT2106,Seccion 1,LABORATORIO 01,LU 16:00 - 17:20,,S-SANTIAGO,Vacantes de Carrera,CIT2107_VC01,21.0
CIT2107,ELECTRONICA Y ELECTROTECNIA,6.0,CIT2106,Seccion 1,AYUDANTIA OBLIGATORIA MADRE 01,MI 08:30 - 09:50,,S-SANTIAGO,Vacantes de Carrera,CIT2107_VC01,
CIT2107,ELECTRONICA Y ELECTROTECNIA,6.0,CIT2106,Seccion 1,CATEDRA MADRE 01,MA VI 08:30 - 09:50,DUJOVNE DIEGO ROBERTO,S-SANTIAGO,Vacantes de Carrera,CIT2107_VC01,
CIT2107,ELECTRONICA Y ELECTROTECNIA,6.0,CIT2106,Seccion 2,LABORATORIO 02,JU 11:30 - 12:50,,S-SANTIAGO,Vacantes de Carrera,CIT2107_VC02,21.0
CIT2107,ELECTRONICA Y ELECTROTECNIA,6.0,CIT2106,Seccion 2,CATEDRA MADRE 01,MA VI 08:30 - 09:50,DUJOVNE DIEGO ROBERTO,S-SANTIAGO,Vacantes de Carrera,CIT2107_VC02,
CIT2107,ELECTRONICA Y ELECTROTECNIA,6.0,CIT2106,Seccion 2,AYUDANTIA OBLIGATORIA MADRE 01,MI 08:30 - 09:50,,S-SANTIAGO,Vacantes de Carrera,CIT2107_VC02,
CIT2107,ELECTRONICA Y ELECTROTECNIA,6.0,CIT2106,Seccion 3,AYUDANTIA OBLIGATORIA MADRE 02,MI 13:00 - 14:20,,S-SANTIAGO,Vacantes de Carrera,CIT2107_VC03,21.0
CIT2107,ELECTRONICA Y ELECTROTECNIA,6.0,CIT2106,Seccion 3,LABORATORIO 03,JU 08:30 - 09:50,,S-SANTIAGO,Vacantes de Carrera,CIT2107_VC03,
CIT2107,ELECTRONICA Y ELECTROTECNIA,6.0,CIT2106,Seccion 3,CATEDRA MADRE 02,MA VI 08:30 - 09:50,NEGRONI JUAN JOSE,S-SANTIAGO,Vacantes de Carrera,CIT2107_VC03,
CIT2107,ELECTRONICA Y ELECTROTECNIA,6.0,CIT2106,Seccion 4,LABORATORIO 04,LU 13:00 - 14:20,,S-SANTIAGO,Vacantes de Carrera,CIT2107_VC04,21.0
CIT2107,ELECTRONICA Y ELECTROTECNIA,6.0,CIT2106,Seccion 4,CATEDRA MADRE 02,MA VI 08:30 - 09:50,NEGRONI JUAN JOSE,S-SANTIAGO,Vacantes de Carrera,CIT2107_VC04,
CIT2107,ELECTRONICA Y ELECTROTECNIA,6.0,CIT2106,Seccion 4,AYUDANTIA OBLIGATORIA MADRE 02,MI 13:00 - 14:20,,S-SANTIAGO,Vacantes de Carrera,CIT2107_VC04,
CIT2007,BASES DE DATOS,6.0,CIT2002,Seccion 1,AYUDANTIA OBLIGATORIA 01,LU 08:30 - 09:50,,S-SANTIAGO,Vacantes de Carrera,CIT2007_CA01,35.0
CIT2007,BASES DE DATOS,6.0,CIT2002,Seccion 1,CATEDRA 01,MA VI 13:00 - 14:20,,S-SANTIAGO,Vacantes de Carrera,CIT2007_CA01,
CIT2007,BASES DE DATOS,6.0,CIT2002,Seccion 2,CATEDRA 02,MA VI 17:25 - 18:45,ALBA MANUEL,S-SANTIAGO,Vacantes de Carrera,CIT2007_CA02,35.0
CIT2007,BASES DE DATOS,6.0,CIT2002,Seccion 2,AYUDANTIA OBLIGATORIA 02,MI 10:00 - 11:20,,S-SANTIAGO,Vacantes de Carrera,CIT2007_CA02,
CIT2008,DESARROLLO WEB Y MOVIL,6.0,CBM2000,Seccion 1,CATEDRA 01,LU JU 16:00 - 17:20,,S-SANTIAGO,Vacantes de Carrera,CIT2008_CA01,35.0
CIT2008,DESARROLLO WEB Y MOVIL,6.0,CBM2000,Seccion 1,AYUDANTIA OBLIGATORIA 01,MI 16:00 - 17:20,,S-SANTIAGO,Vacantes de Carrera,CIT2008_CA01,
CIT2008,DESARROLLO WEB Y MOVIL,6.0,CBM2000,Seccion 2,CATEDRA 02,LU JU 14:30 - 15:50,FREZ JONATHAN,S-SANTIAGO,Vacantes de Carrera,CIT2008_CA02,40.0
CIT2008,DESARROLLO WEB Y MOVIL,6.0,CBM2000,Seccion 2,AYUDANTIA OBLIGATORIA 02,MA 17:25 - 18:45,,S-SANTIAGO,Vacantes de Carrera,CIT2008_CA02,
CIT2008,DESARROLLO WEB Y MOVIL,6.0,CBM2000,Seccion 3,CATEDRA 03,MA VI 16:00 - 17:20,,S-SANTIAGO,Vacantes de Carrera,CIT2008_VC03,40.0
CIT2008,DESARROLLO WEB Y MOVIL,6.0,CBM2000,Seccion 3,AYUDANTIA OBLIGATORIA 03,MA 17:25 - 18:45,,S-SANTIAGO,Vacantes de Carrera,CIT2008_VC03,
CIT4000,PRACTICA I,7.0,,Seccion 1,CATEDRA 01,MI 17:25 - 18:45,,S-SANTIAGO,Vacantes de Carrera,CIT4000_CA01,20.0
CIT2108,TALLER DE REDES Y SERVICIOS,6.0,CIT2202,Seccion 1,CATEDRA 01,MA VI 11:30 - 12:50,PALACIOS PABLO GEOVANNY,S-SANTIAGO,Vacantes de Carrera,CIT2108_CA01,30.0
CIT2108,TALLER DE REDES Y SERVICIOS,6.0,CIT2202,Seccion 1,AYUDANTIA OBLIGATORIA 01,MI 17:25 - 18:45,,S-SANTIAGO,Vacantes de Carrera,CIT2108_CA01,
CIT2108,TALLER DE REDES Y SERVICIOS,6.0,CIT2202,Seccion 2,CATEDRA 02,LU JU 17:25 - 18:45,,S-SANTIAGO,Vacantes de Carrera,CIT2108_CA02,30.0
CIT2108,TALLER DE REDES Y SERVICIOS,6.0,CIT2202,Seccion 2,AYUDANTIA OBLIGATORIA 02,MA 10:00 - 11:20,,S-SANTIAGO,Vacantes de Carrera,CIT2108_CA02,
CIT2108,TALLER DE REDES Y SERVICIOS,6.0,CIT2202,Seccion 3,CATEDRA 03,MA VI 10:00 - 11:20,PALACIOS PABLO GEOVANNY,S-SANTIAGO,Vacantes de Carrera,CIT2108_CA03,28.0
CIT2108,TALLER DE REDES Y SERVICIOS,6.0,CIT2202,Seccion 3,AYUDANTIA OBLIGATORIA 03,MI 17:25 - 18:45,,S-SANTIAGO,Vacantes de Carrera,CIT2108_CA03,
CIT2205,PROYECTO EN TICS I,6.0,CIT2200,Seccion 1,CATEDRA 01,MA VI 14:30 - 15:50,ELLIOTT JORGE ERNESTO,S-SANTIAGO,Vacantes de Carrera,CIT2205_CA01,30.0
CIT2205,PROYECTO EN TICS I,6.0,CIT2200,Seccion 1,AYUDANTIA OBLIGATORIA 01,LU 10:00 - 11:20,,S-SANTIAGO,Vacantes de Carrera,CIT2205_CA01,
CIT2205,PROYECTO EN TICS I,6.0,CIT2200,Seccion 2,CATEDRA 02,MA VI 14:30 - 15:50,SCHKOLNIK DEMIAN ALEY,S-SANTIAGO,Vacantes de Carrera,CIT2205_CA02,30.0
CIT2205,PROYECTO EN TICS I,6.0,CIT2200,Seccion 2,AYUDANTIA OBLIGATORIA 02,LU 10:00 - 11:20,,S-SANTIAGO,Vacantes de Carrera,CIT2205_CA02,
CIT2205,PROYECTO EN TICS I,6.0,CIT2200,Seccion 3,CATEDRA 03,MA VI 16:00 - 17:20,ELLIOTT JORGE ERNESTO,S-SANTIAGO,Vacantes de Carrera,CIT2205_VC03,30.0
CIT2205,PROYECTO EN TICS I,6.0,CIT2200,Seccion 3,AYUDANTIA OBLIGATORIA 03,MI 16:00 - 17:20,,S-SANTIAGO,Vacantes de Carrera,CIT2205_VC03,
CIT2009,BASES DE DATOS AVANZADAS,6.0,,Seccion 1,CATEDRA 01,MA VI 16:00 - 17:20,GIADACH JUAN RICARDO,S-SANTIAGO,Vacantes de Carrera,CIT2009_CA01,35.0
CIT2009,BASES DE DATOS AVANZADAS,6.0,,Seccion 1,AYUDANTIA OBLIGATORIA 01,MI 14:30 - 15:50,,S-SANTIAGO,Vacantes de Carrera,CIT2009_CA01,
CIT2009,BASES DE DATOS AVANZADAS,6.0,,Seccion 2,CATEDRA 02,MA VI 13:00 - 14:20,GIADACH JUAN RICARDO,S-SANTIAGO,Vacantes de Carrera,CIT2009_CA02,35.0
CIT2009,BASES DE DATOS AVANZADAS,6.0,,Seccion 2,AYUDANTIA OBLIGATORIA 02,MI 10:00 - 11:20,,S-SANTIAGO,Vacantes de Carrera,CIT2009_CA02,
CIT2009,BASES DE DATOS AVANZADAS,6.0,,Seccion 3,AYUDANTIA OBLIGATORIA 03,VI 08:30 - 09:50,,S-SANTIAGO,Vacantes de Carrera,CIT2009_VC03,35.0
CIT2009,BASES DE DATOS AVANZADAS,6.0,,Seccion 3,CATEDRA 03,LU JU 11:30 - 12:50,GIADACH JUAN RICARDO,S-SANTIAGO,Vacantes de Carrera,CIT2009_VC03,
CIT2109,ARQUITECTURA Y ORGANIZ DE COMPUTADORES,6.0,CIT2103,Seccion 1,LABORATORIO 01,MA 17:25 - 18:45,,S-SANTIAGO,Vacantes de Carrera,CIT2109_CM01,20.0
CIT2109,ARQUITECTURA Y ORGANIZ DE COMPUTADORES,6.0,CIT2103,Seccion 1,CATEDRA 01,LU JU 08:30 - 09:50,SANCHEZ PABLO RAUL,S-SANTIAGO,Vacantes de Carrera,CIT2109_CM01,
CIT2109,ARQUITECTURA Y ORGANIZ DE COMPUTADORES,6.0,CIT2103,Seccion 1,AYUDANTIA OBLIGATORIA 01,VI 17:25 - 18:45,,S-SANTIAGO,Vacantes de Carrera,CIT2109_CM01,
CIT2109,ARQUITECTURA Y ORGANIZ DE COMPUTADORES,6.0,CIT2103,Seccion 2,LABORATORIO 02,JU 16:00 - 17:20,,S-SANTIAGO,Vacantes de Carrera,CIT2109_CM02,20.0
CIT2109,ARQUITECTURA Y ORGANIZ DE COMPUTADORES,6.0,CIT2103,Seccion 2,CATEDRA 01,LU JU 08:30 - 09:50,SANCHEZ PABLO RAUL,S-SANTIAGO,Vacantes de Carrera,CIT2109_CM02,
CIT2109,ARQUITECTURA Y ORGANIZ DE COMPUTADORES,6.0,CIT2103,Seccion 2,AYUDANTIA OBLIGATORIA 01,VI 17:25 - 18:45,,S-SANTIAGO,Vacantes de Carrera,CIT2109_CM02,
CIT2109,ARQUITECTURA Y ORGANIZ DE COMPUTADORES,6.0,CIT2103,Seccion 3,LABORATORIO 03,JU 14:30 - 15:50,,S-SANTIAGO,Vacantes de Carrera,CIT2109_CM03,20.0
CIT2109,ARQUITECTURA Y ORGANIZ DE COMPUTADORES,6.0,CIT2103,Seccion 3,CATEDRA 02,MA VI 08:30 - 09:50,SANCHEZ PABLO RAUL,S-SANTIAGO,Vacantes de Carrera,CIT2109_CM03,
CIT2109,ARQUITECTURA Y ORGANIZ DE COMPUTADORES,6.0,CIT2103,Seccion 3,AYUDANTIA OBLIGATORIA 02,LU 17:25 - 18:45,,S-SANTIAGO,Vacantes de Carrera,CIT2109_CM03,
CIT2109,ARQUITECTURA Y ORGANIZ DE COMPUTADORES,6.0,CIT2103,Seccion 4,AYUDANTIA OBLIGATORIA 02,LU 17:25 - 18:45,,S-SANTIAGO,Vacantes de Carrera,CIT2109_CM04,20.0
CIT2109,ARQUITECTURA Y ORGANIZ DE COMPUTADORES,6.0,CIT2103,Seccion 4,LABORATORIO 04,JU 17:25 - 18:45,,S-SANTIAGO,Vacantes de Carrera,CIT2109_CM04,
CIT2109,ARQUITECTURA Y ORGANIZ DE COMPUTADORES,6.0,CIT2103,Seccion 4,CATEDRA 02,MA VI 08:30 - 09:50,SANCHEZ PABLO RAUL,S-SANTIAGO,Vacantes de Carrera,CIT2109_CM04,
CIT2110,SENALES Y SISTEMAS,6.0,CIT2101,Seccion 1,LABORATORIO 01,MI 13:00 - 14:20,GARCIA CARLOS ENRIQUE ANTONIO,S-SANTIAGO,Vacantes de Carrera,CIT2110_VC01,20.0
CIT2110,SENALES Y SISTEMAS,6.0,CIT2101,Seccion 1,AYUDANTIA OBLIGATORIA 01,JU 17:25 - 18:45,,S-SANTIAGO,Vacantes de Carrera,CIT2110_VC01,
CIT2110,SENALES Y SISTEMAS,6.0,CIT2101,Seccion 1,CATEDRA 01,LU JU 11:30 - 12:50,GARCIA CARLOS ENRIQUE ANTONIO,S-SANTIAGO,Vacantes de Carrera,CIT2110_VC01,
CIT2110,SENALES Y SISTEMAS,6.0,CIT2101,Seccion 2,LABORATORIO 02,MA 14:30 - 15:50,,S-SANTIAGO,Vacantes de Carrera,CIT2110_VC02,20.0
CIT2110,SENALES Y SISTEMAS,6.0,CIT2101,Seccion 2,AYUDANTIA OBLIGATORIA 01,JU 17:25 - 18:45,,S-SANTIAGO,Vacantes de Carrera,CIT2110_VC02,
CIT2110,SENALES Y SISTEMAS,6.0,CIT2101,Seccion 2,CATEDRA 01,LU JU 11:30 - 12:50,GARCIA CARLOS ENRIQUE ANTONIO,S-SANTIAGO,Vacantes de Carrera,CIT2110_VC02,
CIT2110,SENALES Y SISTEMAS,6.0,CIT2101,Seccion 3,LABORATORIO 03,MI 08:30 - 09:50,,S-SANTIAGO,Vacantes de Carrera,CIT2110_VC03,20.0
CIT2110,SENALES Y SISTEMAS,6.0,CIT2101,Seccion 3,AYUDANTIA OBLIGATORIA 02,JU 17:25 - 18:45,,S-SANTIAGO,Vacantes de Carrera,CIT2110_VC03,
CIT2110,SENALES Y SISTEMAS,6.0,CIT2101,Seccion 3,CATEDRA 02,LU JU 11:30 - 12:50,,S-SANTIAGO,Vacantes de Carrera,CIT2110_VC03,
CIT2110,SENALES Y SISTEMAS,6.0,CIT2101,Seccion 4,CATEDRA 02,LU JU 11:30 - 12:50,,S-SANTIAGO,Vacantes de Carrera,CIT2110_VC04,20.0
CIT2110,SENALES Y SISTEMAS,6.0,CIT2101,Seccion 4,AYUDANTIA OBLIGATORIA 02,JU 17:25 - 18:45,,S-SANTIAGO,Vacantes de Carrera,CIT2110_VC04,
CIT2110,SENALES Y SISTEMAS,6.0,CIT2101,Seccion 4,LABORATORIO 04,MI 14:30 - 15:50,GARCIA CARLOS ENRIQUE ANTONIO,S-SANTIAGO,Vacantes de Carrera,CIT2110_VC04,
CIT2010,SISTEMAS OPERATIVOS,6.0,CIT2003,Seccion 1,CATEDRA 01,LU JU 13:00 - 14:20,GUTIERREZ MARTIN EDUARDO,S-SANTIAGO,Vacantes de Carrera,CIT2010_CA01,40.0
CIT2010,SISTEMAS OPERATIVOS,6.0,CIT2003,Seccion 1,AYUDANTIA OBLIGATORIA 01,MI 17:25 - 18:45,,S-SANTIAGO,Vacantes de Carrera,CIT2010_CA01,
CIT2010,SISTEMAS OPERATIVOS,6.0,CIT2003,Seccion 2,CATEDRA 02,LU JU 13:00 - 14:20,REYES VICTOR ALEJANDRO,S-SANTIAGO,Vacantes de Carrera,CIT2010_CA02,40.0
CIT2010,SISTEMAS OPERATIVOS,6.0,CIT2003,Seccion 2,AYUDANTIA OBLIGATORIA 02,MI 17:25 - 18:45,,S-SANTIAGO,Vacantes de Carrera,CIT2010_CA02,
CIT2206,GESTION ORGANIZACIONAL,6.0,CIT2203,Seccion 1,CATEDRA 01,MA VI 11:30 - 12:50,GEOFFROY XIMENA MARIA,S-SANTIAGO,Vacantes de Carrera,CIT2203_CA01,40.0
CIT2206,GESTION ORGANIZACIONAL,6.0,CIT2203,Seccion 1,AYUDANTIA OBLIGATORIA 01,JU 10:00 - 11:20,,S-SANTIAGO,Vacantes de Carrera,CIT2203_CA01,
CIT2011,SISTEMAS DISTRIBUIDOS,6.0,,Seccion 1,AYUDANTIA OBLIGATORIA 01,MA 14:30 - 15:50,,S-SANTIAGO,Vacantes de Carrera,CIT2011_CA01,40.0
CIT2011,SISTEMAS DISTRIBUIDOS,6.0,,Seccion 1,CATEDRA 01,LU JU 13:00 - 14:20,HIDALGO NICOLAS ANDRES,S-SANTIAGO,Vacantes de Carrera,CIT2011_CA01,
CIT2111,COMUNICACIONES DIGITALES,6.0,CIT2102,Seccion 1,LABORATORIO 01,LU 10:00 - 11:20,MUNOZ RODRIGO EUGENIO,S-SANTIAGO,Vacantes de Carrera,CIT2111_VA01,20.0
CIT2111,COMUNICACIONES DIGITALES,6.0,CIT2102,Seccion 1,AYUDANTIA OBLIGATORIA 01,MA 10:00 - 11:20,,S-SANTIAGO,Vacantes de Carrera,CIT2111_VA01,
CIT2111,COMUNICACIONES DIGITALES,6.0,CIT2102,Seccion 1,CATEDRA 01,LU JU 14:30 - 15:50,GARCIA CARLOS ENRIQUE ANTONIO,S-SANTIAGO,Vacantes de Carrera,CIT2111_VA01,
CIT2111,COMUNICACIONES DIGITALES,6.0,CIT2102,Seccion 2,LABORATORIO 02,MI 10:00 - 11:20,,S-SANTIAGO,Vacantes de Carrera,CIT2111_VA02,20.0
CIT2111,COMUNICACIONES DIGITALES,6.0,CIT2102,Seccion 2,AYUDANTIA OBLIGATORIA 01,MA 10:00 - 11:20,,S-SANTIAGO,Vacantes de Carrera,CIT2111_VA02,
CIT2111,COMUNICACIONES DIGITALES,6.0,CIT2102,Seccion 2,CATEDRA 01,LU JU 14:30 - 15:50,GARCIA CARLOS ENRIQUE ANTONIO,S-SANTIAGO,Vacantes de Carrera,CIT2111_VA02,
CIT2111,COMUNICACIONES DIGITALES,6.0,CIT2102,Seccion 3,CATEDRA 02,MA VI 14:30 - 15:50,PALACIOS PABLO GEOVANNY,S-SANTIAGO,Vacantes de Carrera,CIT2111_VC03,20.0
CIT2111,COMUNICACIONES DIGITALES,6.0,CIT2102,Seccion 3,AYUDANTIA OBLIGATORIA 02,LU 10:00 - 11:20,,S-SANTIAGO,Vacantes de Carrera,CIT2111_VC03,
CIT2111,COMUNICACIONES DIGITALES,6.0,CIT2102,Seccion 3,LABORATORIO 03,LU 11:30 - 12:50,MUNOZ RODRIGO EUGENIO,S-SANTIAGO,Vacantes de Carrera,CIT2111_VC03,
CIT2111,COMUNICACIONES DIGITALES,6.0,CIT2102,Seccion 4,CATEDRA 02,MA VI 14:30 - 15:50,PALACIOS PABLO GEOVANNY,S-SANTIAGO,Vacantes de Carrera,CIT2111_VC04,20.0
CIT2111,COMUNICACIONES DIGITALES,6.0,CIT2102,Seccion 4,AYUDANTIA OBLIGATORIA 02,LU 10:00 - 11:20,,S-SANTIAGO,Vacantes de Carrera,CIT2111_VC04,
CIT2111,COMUNICACIONES DIGITALES,6.0,CIT2102,Seccion 4,LABORATORIO 04,VI 13:00 - 14:20,,S-SANTIAGO,Vacantes de Carrera,CIT2111_VC04,
CIT2012,INGENIERIA DE SOFTWARE,6.0,CIT2005,Seccion 1,CATEDRA 01,MA VI 16:00 - 17:20,LOPEZ FELIPE IGNACIO,S-SANTIAGO,Vacantes de Carrera,CIT2012_CA01,35.0
CIT2012,INGENIERIA DE SOFTWARE,6.0,CIT2005,Seccion 1,AYUDANTIA OBLIGATORIA 01,MI 16:00 - 17:20,,S-SANTIAGO,Vacantes de Carrera,CIT2012_CA01,
CIT2012,INGENIERIA DE SOFTWARE,6.0,CIT2005,Seccion 2,CATEDRA 02,MA VI 17:25 - 18:45,LOPEZ FELIPE IGNACIO,S-SANTIAGO,Vacantes de Carrera,CIT2012_CA02,35.0
CIT2012,INGENIERIA DE SOFTWARE,6.0,CIT2005,Seccion 2,AYUDANTIA OBLIGATORIA 02,MI 14:30 - 15:50,,S-SANTIAGO,Vacantes de Carrera,CIT2012_CA02,
CII2100,INTRODUCCION  A LA ECONOMIA,6.0,CII2000,Seccion 1,CATEDRA 01,MA VI 10:00 - 11:20,CALCAGNO JAIME ALBERTO,S-SANTIAGO,Vacantes de Carrera,CII2100_VC01,40.0
CII2100,INTRODUCCION  A LA ECONOMIA,6.0,CII2000,Seccion 1,AYUDANTIA OPCIONAL 01,MI 08:30 - 09:50,,S-SANTIAGO,Vacantes de Carrera,CII2100_VC01,
CII2100,INTRODUCCION  A LA ECONOMIA,6.0,CII2000,Seccion 1,CATEDRA 01,MA VI 10:00 - 11:20,CALCAGNO JAIME ALBERTO,S-SANTIAGO,Vacantes FG,CII2100_FG01,5.0
CII2100,INTRODUCCION  A LA ECONOMIA,6.0,CII2000,Seccion 1,AYUDANTIA OPCIONAL 01,MI 08:30 - 09:50,,S-SANTIAGO,Vacantes FG,CII2100_FG01,
CII2100,INTRODUCCION  A LA ECONOMIA,6.0,CII2000,Seccion 2,CATEDRA 02,LU JU 11:30 - 12:50,CALCAGNO JAIME ALBERTO,S-SANTIAGO,Vacantes de Carrera,CII2100_VC02,40.0
CII2100,INTRODUCCION  A LA ECONOMIA,6.0,CII2000,Seccion 2,AYUDANTIA OPCIONAL 02,MI 17:25 - 18:45,,S-SANTIAGO,Vacantes de Carrera,CII2100_VC02,
CII2100,INTRODUCCION  A LA ECONOMIA,6.0,CII2000,Seccion 2,AYUDANTIA OPCIONAL 02,MI 17:25 - 18:45,,S-SANTIAGO,Vacantes FG,CII2100_FG02,5.0
CII2100,INTRODUCCION  A LA ECONOMIA,6.0,CII2000,Seccion 2,CATEDRA 02,LU JU 11:30 - 12:50,CALCAGNO JAIME ALBERTO,S-SANTIAGO,Vacantes FG,CII2100_FG02,
CII2100,INTRODUCCION  A LA ECONOMIA,6.0,CII2000,Seccion 3,CATEDRA 03,MA VI 11:30 - 12:50,MARKUSOVIC DENIS LENKA,S-SANTIAGO,Vacantes de Carrera,CII2100_VC03,40.0
CII2100,INTRODUCCION  A LA ECONOMIA,6.0,CII2000,Seccion 3,AYUDANTIA OPCIONAL 03,MI 08:30 - 09:50,,S-SANTIAGO,Vacantes de Carrera,CII2100_VC03,
CII2100,INTRODUCCION  A LA ECONOMIA,6.0,CII2000,Seccion 3,CATEDRA 03,MA VI 11:30 - 12:50,MARKUSOVIC DENIS LENKA,S-SANTIAGO,Vacantes FG,CII2100_FG03,5.0
CII2100,INTRODUCCION  A LA ECONOMIA,6.0,CII2000,Seccion 3,AYUDANTIA OPCIONAL 03,MI 08:30 - 09:50,,S-SANTIAGO,Vacantes FG,CII2100_FG03,
CII2100,INTRODUCCION  A LA ECONOMIA,6.0,CII2000,Seccion 4,CATEDRA 04,MA VI 11:30 - 12:50,CALCAGNO JAIME ALBERTO,S-SANTIAGO,Vacantes de Carrera,CII2100_VC04,40.0
CII2100,INTRODUCCION  A LA ECONOMIA,6.0,CII2000,Seccion 4,AYUDANTIA OPCIONAL 04,MI 08:30 - 09:50,,S-SANTIAGO,Vacantes de Carrera,CII2100_VC04,
CII2100,INTRODUCCION  A LA ECONOMIA,6.0,CII2000,Seccion 4,CATEDRA 04,MA VI 11:30 - 12:50,CALCAGNO JAIME ALBERTO,S-SANTIAGO,Vacantes FG,CII2100_FG04,5.0
CII2100,INTRODUCCION  A LA ECONOMIA,6.0,CII2000,Seccion 4,AYUDANTIA OPCIONAL 04,MI 08:30 - 09:50,,S-SANTIAGO,Vacantes FG,CII2100_FG04,
CII2100,INTRODUCCION  A LA ECONOMIA,6.0,CII2000,Seccion 5,CATEDRA 05,LU JU 16:00 - 17:20,OLIVARES GUILLERMO ANTONIO,S-SANTIAGO,Vacantes de Carrera,CII2100_VC05,40.0
CII2100,INTRODUCCION  A LA ECONOMIA,6.0,CII2000,Seccion 5,AYUDANTIA OPCIONAL 05,MI 08:30 - 09:50,,S-SANTIAGO,Vacantes de Carrera,CII2100_VC05,
CII2100,INTRODUCCION  A LA ECONOMIA,6.0,CII2000,Seccion 5,CATEDRA 05,LU JU 16:00 - 17:20,OLIVARES GUILLERMO ANTONIO,S-SANTIAGO,Vacantes FG,CII2100_FG05,5.0
CII2100,INTRODUCCION  A LA ECONOMIA,6.0,CII2000,Seccion 5,AYUDANTIA OPCIONAL 05,MI 08:30 - 09:50,,S-SANTIAGO,Vacantes FG,CII2100_FG05,
CII2100,INTRODUCCION  A LA ECONOMIA,6.0,CII2000,Seccion 6,AYUDANTIA OPCIONAL 06,MI 14:30 - 15:50,,S-SANTIAGO,Vacantes de Carrera,CII2100_VC06,40.0
CII2100,INTRODUCCION  A LA ECONOMIA,6.0,CII2000,Seccion 6,CATEDRA 06,LU JU 14:30 - 15:50,ZUNIGA EDUARDO ISRAEL,S-SANTIAGO,Vacantes de Carrera,CII2100_VC06,
CII2100,INTRODUCCION  A LA ECONOMIA,6.0,CII2000,Seccion 6,CATEDRA 06,LU JU 14:30 - 15:50,ZUNIGA EDUARDO ISRAEL,S-SANTIAGO,Vacantes FG,CII2100_FG06,5.0
CII2100,INTRODUCCION  A LA ECONOMIA,6.0,CII2000,Seccion 6,AYUDANTIA OPCIONAL 06,MI 14:30 - 15:50,,S-SANTIAGO,Vacantes FG,CII2100_FG06,
CII2100,INTRODUCCION  A LA ECONOMIA,6.0,CII2000,Seccion 7,CATEDRA 07,LU JU 17:25 - 18:45,OLIVARES GUILLERMO ANTONIO,S-SANTIAGO,Vacantes de Carrera,CII2100_VC07,45.0
CII2100,INTRODUCCION  A LA ECONOMIA,6.0,CII2000,Seccion 7,AYUDANTIA OPCIONAL 07,MI 17:25 - 18:45,,S-SANTIAGO,Vacantes de Carrera,CII2100_VC07,
CIT2112,TECNOLOGIAS INALAMBRICAS,6.0,,Seccion 1,LABORATORIO 01,LU 14:30 - 15:50,,S-SANTIAGO,Vacantes de Carrera,CIT2112_VC01,
CIT2112,TECNOLOGIAS INALAMBRICAS,6.0,,Seccion 1,AYUDANTIA OBLIGATORIA 01,MI 08:30 - 09:50,,S-SANTIAGO,Vacantes de Carrera,CIT2112_VC01,
CIT2112,TECNOLOGIAS INALAMBRICAS,6.0,,Seccion 1,CATEDRA 01,LU JU 11:30 - 12:50,,S-SANTIAGO,Vacantes de Carrera,CIT2112_VC01,
CIT2112,TECNOLOGIAS INALAMBRICAS,6.0,,Seccion 2,CATEDRA 01,LU JU 11:30 - 12:50,,S-SANTIAGO,Vacantes de Carrera,CIT2112_VC02,
CIT2112,TECNOLOGIAS INALAMBRICAS,6.0,,Seccion 2,AYUDANTIA OBLIGATORIA 01,MI 08:30 - 09:50,,S-SANTIAGO,Vacantes de Carrera,CIT2112_VC02,
CIT2112,TECNOLOGIAS INALAMBRICAS,6.0,,Seccion 2,LABORATORIO 02,VI 16:00 - 17:20,,S-SANTIAGO,Vacantes de Carrera,CIT2112_VC02,
CIT2112,TECNOLOGIAS INALAMBRICAS,6.0,,Seccion 2,LABORATORIO 03,VI 14:30 - 15:50,,S-SANTIAGO,Vacantes de Carrera,CIT2112_VC03,20.0
CIT2112,TECNOLOGIAS INALAMBRICAS,6.0,,Seccion 2,CATEDRA 02,LU JU 14:30 - 15:50,CARRENO ERICK ROBERTO,S-SANTIAGO,Vacantes de Carrera,CIT2112_VC03,
CIT2112,TECNOLOGIAS INALAMBRICAS,6.0,,Seccion 2,AYUDANTIA OBLIGATORIA 02,MI 08:30 - 09:50,,S-SANTIAGO,Vacantes de Carrera,CIT2112_VC03,
CIT2112,TECNOLOGIAS INALAMBRICAS,6.0,,Seccion 4,LABORATORIO 02,VI 16:00 - 17:20,,S-SANTIAGO,Vacantes de Carrera,CIT2112_VC04,20.0
CIT2112,TECNOLOGIAS INALAMBRICAS,6.0,,Seccion 4,CATEDRA 02,LU JU 14:30 - 15:50,CARRENO ERICK ROBERTO,S-SANTIAGO,Vacantes de Carrera,CIT2112_VC04,
CIT2112,TECNOLOGIAS INALAMBRICAS,6.0,,Seccion 4,AYUDANTIA OBLIGATORIA 02,MI 08:30 - 09:50,,S-SANTIAGO,Vacantes de Carrera,CIT2112_VC04,
CIT2113,CRIPTOGRAFIA Y SEGURIDAD EN REDES,6.0,CIT2105,Seccion 1,AYUDANTIA OBLIGATORIA 01,MI 13:00 - 14:20,,S-SANTIAGO,Vacantes de Carrera,CIT2113_CM01,20.0
CIT2113,CRIPTOGRAFIA Y SEGURIDAD EN REDES,6.0,CIT2105,Seccion 1,LABORATORIO 01,VI 14:30 - 15:50,,S-SANTIAGO,Vacantes de Carrera,CIT2113_CM01,
CIT2113,CRIPTOGRAFIA Y SEGURIDAD EN REDES,6.0,CIT2105,Seccion 1,CATEDRA 01,MA VI 10:00 - 11:20,BOETTCHER NICOLAS ALEJANDRO,S-SANTIAGO,Vacantes de Carrera,CIT2113_CM01,
CIT2113,CRIPTOGRAFIA Y SEGURIDAD EN REDES,6.0,CIT2105,Seccion 2,LABORATORIO 02,MA 08:30 - 09:50,,S-SANTIAGO,Vacantes de Carrera,CIT2113_CM02,20.0
CIT2113,CRIPTOGRAFIA Y SEGURIDAD EN REDES,6.0,CIT2105,Seccion 2,CATEDRA 01,MA VI 10:00 - 11:20,BOETTCHER NICOLAS ALEJANDRO,S-SANTIAGO,Vacantes de Carrera,CIT2113_CM02,
CIT2113,CRIPTOGRAFIA Y SEGURIDAD EN REDES,6.0,CIT2105,Seccion 2,AYUDANTIA OBLIGATORIA 01,MI 13:00 - 14:20,,S-SANTIAGO,Vacantes de Carrera,CIT2113_CM02,
CIT2113,CRIPTOGRAFIA Y SEGURIDAD EN REDES,6.0,CIT2105,Seccion 3,LABORATORIO 03,MA 10:00 - 11:20,,S-SANTIAGO,Vacantes de Carrera,CIT2111_CM03,20.0
CIT2113,CRIPTOGRAFIA Y SEGURIDAD EN REDES,6.0,CIT2105,Seccion 3,AYUDANTIA OBLIGATORIA 02,MI 13:00 - 14:20,,S-SANTIAGO,Vacantes de Carrera,CIT2111_CM03,
CIT2113,CRIPTOGRAFIA Y SEGURIDAD EN REDES,6.0,CIT2105,Seccion 3,CATEDRA 02,LU JU 17:25 - 18:45,BOETTCHER NICOLAS ALEJANDRO,S-SANTIAGO,Vacantes de Carrera,CIT2111_CM03,
CIT2113,CRIPTOGRAFIA Y SEGURIDAD EN REDES,6.0,CIT2105,Seccion 4,LABORATORIO 04,VI 10:00 - 11:20,,S-SANTIAGO,Vacantes de Carrera,CIT2111_CM04,20.0
CIT2113,CRIPTOGRAFIA Y SEGURIDAD EN REDES,6.0,CIT2105,Seccion 4,AYUDANTIA OBLIGATORIA 02,MI 13:00 - 14:20,,S-SANTIAGO,Vacantes de Carrera,CIT2111_CM04,
CIT2113,CRIPTOGRAFIA Y SEGURIDAD EN REDES,6.0,CIT2105,Seccion 4,CATEDRA 02,LU JU 17:25 - 18:45,BOETTCHER NICOLAS ALEJANDRO,S-SANTIAGO,Vacantes de Carrera,CIT2111_CM04,
CIT2013,INTELIGENCIA ARTIFICIAL,6.0,,Seccion 1,CATEDRA 01,LU JU 16:00 - 17:20,GUTIERREZ MARTIN EDUARDO,S-SANTIAGO,Vacantes de Carrera,CIT2013_CA01,40.0
CIT2013,INTELIGENCIA ARTIFICIAL,6.0,,Seccion 1,AYUDANTIA OBLIGATORIA 01,MI 17:25 - 18:45,,S-SANTIAGO,Vacantes de Carrera,CIT2013_CA01,
CIT2013,INTELIGENCIA ARTIFICIAL,6.0,,Seccion 2,CATEDRA 02,LU JU 16:00 - 17:20,REYES VICTOR ALEJANDRO,S-SANTIAGO,Vacantes de Carrera,CIT2013_CA02,40.0
CIT2013,INTELIGENCIA ARTIFICIAL,6.0,,Seccion 2,AYUDANTIA OBLIGATORIA 02,MI 17:25 - 18:45,,S-SANTIAGO,Vacantes de Carrera,CIT2013_CA02,
CIT2207,EVALUACION DE PROYECTOS TIC,6.0,CIT3200,Seccion 1,AYUDANTIA OBLIGATORIA 01,MI 14:30 - 15:50,,S-SANTIAGO,Vacantes de Carrera,CIT2207_CA01,40.0
CIT2207,EVALUACION DE PROYECTOS TIC,6.0,CIT3200,Seccion 1,CATEDRA 01,MA VI 10:00 - 11:20,ELLIOTT JORGE ERNESTO,S-SANTIAGO,Vacantes de Carrera,CIT2207_CA01,
CIT4001,PRACTICA II,7.0,,Seccion 1,CATEDRA 01,MI 17:25 - 18:45,,S-SANTIAGO,Vacantes de Carrera,CIT4001_CA01,10.0
CIT3100,ARQUITECTURAS EMERGENTES,6.0,,Seccion 1,CATEDRA 01,LU JU 17:25 - 18:45,,S-SANTIAGO,Vacantes de Carrera,CIT3100_CA01,40.0
CIT3100,ARQUITECTURAS EMERGENTES,6.0,,Seccion 1,AYUDANTIA OBLIGATORIA 01,MI 10:00 - 11:20,,S-SANTIAGO,Vacantes de Carrera,CIT3100_CA01,
CIT3000,ARQUITECTURA DE SOFTWARE,6.0,CIT2004,Seccion 1,CATEDRA 01,MA VI 17:25 - 18:45,GIADACH JUAN RICARDO,S-SANTIAGO,Vacantes de Carrera,CIT3000_CA01,40.0
CIT3000,ARQUITECTURA DE SOFTWARE,6.0,CIT2004,Seccion 1,AYUDANTIA OBLIGATORIA 01,MI 16:00 - 17:20,,S-SANTIAGO,Vacantes de Carrera,CIT3000_CA01,
CIT3202,DATA SCIENCE,6.0,CIT3351,Seccion 1,CATEDRA 01,LU JU 16:00 - 17:20,SUCHAN KAROL MARCIN,S-SANTIAGO,Vacantes de Carrera,CIT3202_CA01,25.0
CIT3202,DATA SCIENCE,6.0,CIT3351,Seccion 1,AYUDANTIA OBLIGATORIA 01,MI 17:25 - 18:45,,S-SANTIAGO,Vacantes de Carrera,CIT3202_CA01,
CIT2114,REDES DE DATOS,6.0,CIT2100,Seccion 1,CATEDRA 01,LU JU 14:30 - 15:50,HIDALGO NICOLAS ANDRES,S-SANTIAGO,Vacantes de Carrera,CIT2114_VC01,29.0
CIT2114,REDES DE DATOS,6.0,CIT2100,Seccion 1,AYUDANTIA OBLIGATORIA 01,MA 14:30 - 15:50,,S-SANTIAGO,Vacantes de Carrera,CIT2114_VC01,
CIT2114,REDES DE DATOS,6.0,CIT2100,Seccion 1,LABORATORIO 01,MI 16:00 - 17:20,GARCIA CARLOS ENRIQUE ANTONIO,S-SANTIAGO,Vacantes de Carrera,CIT2114_VC01,
CIT2114,REDES DE DATOS,6.0,CIT2100,Seccion 2,CATEDRA 02,LU JU 17:25 - 18:45,MUNOZ RODRIGO EUGENIO,S-SANTIAGO,Vacantes de Carrera,CIT2114_VC02,29.0
CIT2114,REDES DE DATOS,6.0,CIT2100,Seccion 2,AYUDANTIA OBLIGATORIA 02,MA 17:25 - 18:45,,S-SANTIAGO,Vacantes de Carrera,CIT2114_VC02,
CIT2114,REDES DE DATOS,6.0,CIT2100,Seccion 2,LABORATORIO 02,MI 17:25 - 18:45,GARCIA CARLOS ENRIQUE ANTONIO,S-SANTIAGO,Vacantes de Carrera,CIT2114_VC02,
CIT3349,GRAFOS Y ALGORITMOS,6.0,,Seccion 1,CATEDRA 01,LU JU 14:30 - 15:50,SUCHAN KAROL MARCIN,S-SANTIAGO,Vacantes de Carrera,CIT3349_CA01,25.0
CIT3433,INTEROPERABILIDAD Y SIST DE TELEC,6.0,,Seccion 1,CATEDRA 01,LU JU 11:30 - 12:50,AHUMADA LUCIANO SEBASTIAN,S-SANTIAGO,Vacantes de Carrera,CIT3433_VA01,25.0
CIT3354,SISTEMAS DE PROCESAMIENTO PARA BIG DATA,6.0,,Seccion 1,CATEDRA 01,LU JU 10:00 - 11:20,HIDALGO NICOLAS ANDRES,S-SANTIAGO,Vacantes de Carrera,CIT3354_VC01,25.0
CIT3434,COMUNIC POR LUZ VISIBLE PARA IND INTELIG,6.0,,Seccion 1,CATEDRA 01,MA VI 13:00 - 14:20,PALACIOS PABLO GEOVANNY,S-SANTIAGO,Vacantes de Carrera,CIT3434_VA01,25.0
CIT3355,ARQUITECTURAS DE ALTA DISPONIBILIDAD,6.0,,Seccion 1,CATEDRA 01,MA VI 16:00 - 17:20,ALBA MANUEL,S-SANTIAGO,Vacantes de Carrera,CIT3355_VA01,25.0
